{
  "build": "py39h27cfd23_1003",
  "build_number": 1003,
  "channel": "https://repo.anaconda.com/pkgs/main/linux-64",
  "constrains": [],
  "depends": [
    "cffi >=1.0.0",
    "libgcc-ng >=7.3.0",
    "python >=3.9,<3.10.0a0"
  ],
  "extracted_package_dir": "/root/venv3.9/pkgs/brotlipy-0.7.0-py39h27cfd23_1003",
  "features": "",
  "files": [
    "lib/python3.9/site-packages/brotli/__init__.py",
    "lib/python3.9/site-packages/brotli/__pycache__/__init__.cpython-39.pyc",
    "lib/python3.9/site-packages/brotli/__pycache__/brotli.cpython-39.pyc",
    "lib/python3.9/site-packages/brotli/__pycache__/build.cpython-39.pyc",
    "lib/python3.9/site-packages/brotli/_brotli.abi3.so",
    "lib/python3.9/site-packages/brotli/brotli.py",
    "lib/python3.9/site-packages/brotli/build.py",
    "lib/python3.9/site-packages/brotlipy-0.7.0-py3.9.egg-info/PKG-INFO",
    "lib/python3.9/site-packages/brotlipy-0.7.0-py3.9.egg-info/SOURCES.txt",
    "lib/python3.9/site-packages/brotlipy-0.7.0-py3.9.egg-info/dependency_links.txt",
    "lib/python3.9/site-packages/brotlipy-0.7.0-py3.9.egg-info/not-zip-safe",
    "lib/python3.9/site-packages/brotlipy-0.7.0-py3.9.egg-info/requires.txt",
    "lib/python3.9/site-packages/brotlipy-0.7.0-py3.9.egg-info/top_level.txt"
  ],
  "fn": "brotlipy-0.7.0-py39h27cfd23_1003.conda",
  "legacy_bz2_md5": "c203ffc7bbba991c7089d4b383cfd92c",
  "legacy_bz2_size": 357797,
  "license": "MIT",
  "license_family": "MIT",
  "link": {
    "source": "/root/venv3.9/pkgs/brotlipy-0.7.0-py39h27cfd23_1003",
    "type": 1
  },
  "md5": "be47bcffb9e3e7495897b02589f5ad1a",
  "name": "brotlipy",
  "package_tarball_full_path": "/root/venv3.9/pkgs/brotlipy-0.7.0-py39h27cfd23_1003.conda",
  "paths_data": {
    "paths": [],
    "paths_version": 1
  },
  "requested_spec": "brotlipy==0.7.0=py39h27cfd23_1003",
  "sha256": "17420d4eea48a3e89aa260c9233ba96815ea40d07702d7554b27f30f3ecdc2fb",
  "size": 331770,
  "subdir": "linux-64",
  "timestamp": 1605539534667,
  "track_features": "",
  "url": "https://repo.anaconda.com/pkgs/main/linux-64/brotlipy-0.7.0-py39h27cfd23_1003.conda",
  "version": "0.7.0"
}