{
  "build": "h06a4308_1",
  "build_number": 1,
  "channel": "https://repo.anaconda.com/pkgs/main/linux-64",
  "constrains": [],
  "depends": [],
  "extracted_package_dir": "/root/venv3.9/pkgs/ca-certificates-2021.5.25-h06a4308_1",
  "features": "",
  "files": [
    "ssl/cacert.pem",
    "ssl/cert.pem"
  ],
  "fn": "ca-certificates-2021.5.25-h06a4308_1.conda",
  "legacy_bz2_md5": "068ad52c49286e986574ba544d9f4c50",
  "license": "MPL 2.0",
  "link": {
    "source": "/root/venv3.9/pkgs/ca-certificates-2021.5.25-h06a4308_1",
    "type": 1
  },
  "md5": "3a2f8a1a5c82296693933f8c3f236fcb",
  "name": "ca-certificates",
  "package_tarball_full_path": "/root/venv3.9/pkgs/ca-certificates-2021.5.25-h06a4308_1.conda",
  "paths_data": {
    "paths": [
      {
        "_path": "ssl/cacert.pem",
        "path_type": "hardlink",
        "sha256": "3a32ad57e7f5556e36ede625b854057ac51f996d59e0952c207040077cbe48a9",
        "sha256_in_prefix": "3a32ad57e7f5556e36ede625b854057ac51f996d59e0952c207040077cbe48a9",
        "size_in_bytes": 201623
      },
      {
        "_path": "ssl/cert.pem",
        "path_type": "softlink",
        "sha256": "3a32ad57e7f5556e36ede625b854057ac51f996d59e0952c207040077cbe48a9",
        "size_in_bytes": 201623
      }
    ],
    "paths_version": 1
  },
  "requested_spec": "None",
  "sha256": "6f88ed7629479ae99fb8b75a64aaf46a12a445e981f2c9353a8f3128b944ee1a",
  "size": 114222,
  "subdir": "linux-64",
  "timestamp": 1621995548182,
  "track_features": "",
  "url": "https://repo.anaconda.com/pkgs/main/linux-64/ca-certificates-2021.5.25-h06a4308_1.conda",
  "version": "2021.5.25"
}