{
  "build": "py39h06a4308_0",
  "build_number": 0,
  "channel": "https://repo.anaconda.com/pkgs/main/linux-64",
  "constrains": [],
  "depends": [
    "python >=3.9,<3.10.0a0"
  ],
  "extracted_package_dir": "/root/venv3.9/pkgs/certifi-2021.5.30-py39h06a4308_0",
  "features": "",
  "files": [
    "lib/python3.9/site-packages/certifi-2021.5.30-py3.9.egg-info/PKG-INFO",
    "lib/python3.9/site-packages/certifi-2021.5.30-py3.9.egg-info/SOURCES.txt",
    "lib/python3.9/site-packages/certifi-2021.5.30-py3.9.egg-info/dependency_links.txt",
    "lib/python3.9/site-packages/certifi-2021.5.30-py3.9.egg-info/installed-files.txt",
    "lib/python3.9/site-packages/certifi-2021.5.30-py3.9.egg-info/not-zip-safe",
    "lib/python3.9/site-packages/certifi-2021.5.30-py3.9.egg-info/top_level.txt",
    "lib/python3.9/site-packages/certifi/__init__.py",
    "lib/python3.9/site-packages/certifi/__main__.py",
    "lib/python3.9/site-packages/certifi/__pycache__/__init__.cpython-39.pyc",
    "lib/python3.9/site-packages/certifi/__pycache__/__main__.cpython-39.pyc",
    "lib/python3.9/site-packages/certifi/__pycache__/core.cpython-39.pyc",
    "lib/python3.9/site-packages/certifi/cacert.pem",
    "lib/python3.9/site-packages/certifi/core.py"
  ],
  "fn": "certifi-2021.5.30-py39h06a4308_0.conda",
  "legacy_bz2_md5": "cbca47c19fccdfd89cd2908733224750",
  "license": "MPL-2.0",
  "link": {
    "source": "/root/venv3.9/pkgs/certifi-2021.5.30-py39h06a4308_0",
    "type": 1
  },
  "md5": "dae0964c9bedbb1ad47dfab36ea2a310",
  "name": "certifi",
  "package_tarball_full_path": "/root/venv3.9/pkgs/certifi-2021.5.30-py39h06a4308_0.conda",
  "paths_data": {
    "paths": [
      {
        "_path": "lib/python3.9/site-packages/certifi-2021.5.30-py3.9.egg-info/PKG-INFO",
        "path_type": "hardlink",
        "sha256": "840add8b4e0609915e390bd22f86331e55d05881c7364af9ac98ba133b9f7ec2",
        "sha256_in_prefix": "840add8b4e0609915e390bd22f86331e55d05881c7364af9ac98ba133b9f7ec2",
        "size_in_bytes": 3453
      },
      {
        "_path": "lib/python3.9/site-packages/certifi-2021.5.30-py3.9.egg-info/SOURCES.txt",
        "path_type": "hardlink",
        "sha256": "c114f069d008d26b348202e02bfe15105bad6ff7bf233a1a3f874d4889c584b0",
        "sha256_in_prefix": "c114f069d008d26b348202e02bfe15105bad6ff7bf233a1a3f874d4889c584b0",
        "size_in_bytes": 278
      },
      {
        "_path": "lib/python3.9/site-packages/certifi-2021.5.30-py3.9.egg-info/dependency_links.txt",
        "path_type": "hardlink",
        "sha256": "01ba4719c80b6fe911b091a7c05124b64eeece964e09c058ef8f9805daca546b",
        "sha256_in_prefix": "01ba4719c80b6fe911b091a7c05124b64eeece964e09c058ef8f9805daca546b",
        "size_in_bytes": 1
      },
      {
        "_path": "lib/python3.9/site-packages/certifi-2021.5.30-py3.9.egg-info/installed-files.txt",
        "path_type": "hardlink",
        "sha256": "b2345e22d62a84b54da57d2c1768baf84922f45199ec278ccff72994e7d5498f",
        "sha256_in_prefix": "b2345e22d62a84b54da57d2c1768baf84922f45199ec278ccff72994e7d5498f",
        "size_in_bytes": 293
      },
      {
        "_path": "lib/python3.9/site-packages/certifi-2021.5.30-py3.9.egg-info/not-zip-safe",
        "path_type": "hardlink",
        "sha256": "01ba4719c80b6fe911b091a7c05124b64eeece964e09c058ef8f9805daca546b",
        "sha256_in_prefix": "01ba4719c80b6fe911b091a7c05124b64eeece964e09c058ef8f9805daca546b",
        "size_in_bytes": 1
      },
      {
        "_path": "lib/python3.9/site-packages/certifi-2021.5.30-py3.9.egg-info/top_level.txt",
        "path_type": "hardlink",
        "sha256": "28cbb8bd409fb232eb90f6d235d81d7a44bea552730402453bffe723c345ebe5",
        "sha256_in_prefix": "28cbb8bd409fb232eb90f6d235d81d7a44bea552730402453bffe723c345ebe5",
        "size_in_bytes": 8
      },
      {
        "_path": "lib/python3.9/site-packages/certifi/__init__.py",
        "path_type": "hardlink",
        "sha256": "f9befcb5789b6e5d2ab600b3bfdb5cf6fea8cf070d5fdd79953f537f86bd95db",
        "sha256_in_prefix": "f9befcb5789b6e5d2ab600b3bfdb5cf6fea8cf070d5fdd79953f537f86bd95db",
        "size_in_bytes": 62
      },
      {
        "_path": "lib/python3.9/site-packages/certifi/__main__.py",
        "path_type": "hardlink",
        "sha256": "c410688fdd394d45812d118034e71fee88ba7beddd30fe1c1281bd3b232cd758",
        "sha256_in_prefix": "c410688fdd394d45812d118034e71fee88ba7beddd30fe1c1281bd3b232cd758",
        "size_in_bytes": 243
      },
      {
        "_path": "lib/python3.9/site-packages/certifi/__pycache__/__init__.cpython-39.pyc",
        "path_type": "hardlink",
        "sha256": "3cc5b69ad0f4cb3cfcf8b0bf0aad3a1746e658aac7687d5a1f20cbaa04bb9a87",
        "sha256_in_prefix": "3cc5b69ad0f4cb3cfcf8b0bf0aad3a1746e658aac7687d5a1f20cbaa04bb9a87",
        "size_in_bytes": 222
      },
      {
        "_path": "lib/python3.9/site-packages/certifi/__pycache__/__main__.cpython-39.pyc",
        "path_type": "hardlink",
        "sha256": "5c0f64ab7910bf8b2c4b908c29ff833a5345577d4b85ef50524a5cfdabcff3bc",
        "sha256_in_prefix": "5c0f64ab7910bf8b2c4b908c29ff833a5345577d4b85ef50524a5cfdabcff3bc",
        "size_in_bytes": 387
      },
      {
        "_path": "lib/python3.9/site-packages/certifi/__pycache__/core.cpython-39.pyc",
        "path_type": "hardlink",
        "sha256": "8ca94e292680d736e14285720ce01bfc7420ba69eaf1fec12327555cd911e6fd",
        "sha256_in_prefix": "8ca94e292680d736e14285720ce01bfc7420ba69eaf1fec12327555cd911e6fd",
        "size_in_bytes": 1113
      },
      {
        "_path": "lib/python3.9/site-packages/certifi/cacert.pem",
        "path_type": "hardlink",
        "sha256": "de2fa17c4d8ae68dc204a1b6b58b7a7a12569367cfeb8a3a4e1f377c73e83e9e",
        "sha256_in_prefix": "de2fa17c4d8ae68dc204a1b6b58b7a7a12569367cfeb8a3a4e1f377c73e83e9e",
        "size_in_bytes": 259465
      },
      {
        "_path": "lib/python3.9/site-packages/certifi/core.py",
        "path_type": "hardlink",
        "sha256": "574bb2c4a398773eae9434aeb1c96b2e68db3e0397b03d019c47f4490ece9e81",
        "sha256_in_prefix": "574bb2c4a398773eae9434aeb1c96b2e68db3e0397b03d019c47f4490ece9e81",
        "size_in_bytes": 2303
      }
    ],
    "paths_version": 1
  },
  "requested_spec": "None",
  "sha256": "42918dff25511e3d8d82c51ef16d26ef50b6d52ec59a9aaf3ac25c90561d1723",
  "size": 142604,
  "subdir": "linux-64",
  "timestamp": 1622562526194,
  "track_features": "",
  "url": "https://repo.anaconda.com/pkgs/main/linux-64/certifi-2021.5.30-py39h06a4308_0.conda",
  "version": "2021.5.30"
}