{
  "build": "py39h261ae71_0",
  "build_number": 0,
  "channel": "https://repo.anaconda.com/pkgs/main/linux-64",
  "constrains": [],
  "depends": [
    "libffi >=3.3,<3.4.0a0",
    "libgcc-ng >=7.3.0",
    "pycparser",
    "python >=3.9,<3.10.0a0"
  ],
  "extracted_package_dir": "/root/venv3.9/pkgs/cffi-1.14.5-py39h261ae71_0",
  "features": "",
  "files": [
    "lib/python3.9/site-packages/_cffi_backend.cpython-39-x86_64-linux-gnu.so",
    "lib/python3.9/site-packages/cffi-1.14.5.dist-info/INSTALLER",
    "lib/python3.9/site-packages/cffi-1.14.5.dist-info/LICENSE",
    "lib/python3.9/site-packages/cffi-1.14.5.dist-info/METADATA",
    "lib/python3.9/site-packages/cffi-1.14.5.dist-info/RECORD",
    "lib/python3.9/site-packages/cffi-1.14.5.dist-info/REQUESTED",
    "lib/python3.9/site-packages/cffi-1.14.5.dist-info/WHEEL",
    "lib/python3.9/site-packages/cffi-1.14.5.dist-info/direct_url.json",
    "lib/python3.9/site-packages/cffi-1.14.5.dist-info/entry_points.txt",
    "lib/python3.9/site-packages/cffi-1.14.5.dist-info/top_level.txt",
    "lib/python3.9/site-packages/cffi/__init__.py",
    "lib/python3.9/site-packages/cffi/__pycache__/__init__.cpython-39.pyc",
    "lib/python3.9/site-packages/cffi/__pycache__/api.cpython-39.pyc",
    "lib/python3.9/site-packages/cffi/__pycache__/backend_ctypes.cpython-39.pyc",
    "lib/python3.9/site-packages/cffi/__pycache__/cffi_opcode.cpython-39.pyc",
    "lib/python3.9/site-packages/cffi/__pycache__/commontypes.cpython-39.pyc",
    "lib/python3.9/site-packages/cffi/__pycache__/cparser.cpython-39.pyc",
    "lib/python3.9/site-packages/cffi/__pycache__/error.cpython-39.pyc",
    "lib/python3.9/site-packages/cffi/__pycache__/ffiplatform.cpython-39.pyc",
    "lib/python3.9/site-packages/cffi/__pycache__/lock.cpython-39.pyc",
    "lib/python3.9/site-packages/cffi/__pycache__/model.cpython-39.pyc",
    "lib/python3.9/site-packages/cffi/__pycache__/pkgconfig.cpython-39.pyc",
    "lib/python3.9/site-packages/cffi/__pycache__/recompiler.cpython-39.pyc",
    "lib/python3.9/site-packages/cffi/__pycache__/setuptools_ext.cpython-39.pyc",
    "lib/python3.9/site-packages/cffi/__pycache__/vengine_cpy.cpython-39.pyc",
    "lib/python3.9/site-packages/cffi/__pycache__/vengine_gen.cpython-39.pyc",
    "lib/python3.9/site-packages/cffi/__pycache__/verifier.cpython-39.pyc",
    "lib/python3.9/site-packages/cffi/_cffi_errors.h",
    "lib/python3.9/site-packages/cffi/_cffi_include.h",
    "lib/python3.9/site-packages/cffi/_embedding.h",
    "lib/python3.9/site-packages/cffi/api.py",
    "lib/python3.9/site-packages/cffi/backend_ctypes.py",
    "lib/python3.9/site-packages/cffi/cffi_opcode.py",
    "lib/python3.9/site-packages/cffi/commontypes.py",
    "lib/python3.9/site-packages/cffi/cparser.py",
    "lib/python3.9/site-packages/cffi/error.py",
    "lib/python3.9/site-packages/cffi/ffiplatform.py",
    "lib/python3.9/site-packages/cffi/lock.py",
    "lib/python3.9/site-packages/cffi/model.py",
    "lib/python3.9/site-packages/cffi/parse_c_type.h",
    "lib/python3.9/site-packages/cffi/pkgconfig.py",
    "lib/python3.9/site-packages/cffi/recompiler.py",
    "lib/python3.9/site-packages/cffi/setuptools_ext.py",
    "lib/python3.9/site-packages/cffi/vengine_cpy.py",
    "lib/python3.9/site-packages/cffi/vengine_gen.py",
    "lib/python3.9/site-packages/cffi/verifier.py"
  ],
  "fn": "cffi-1.14.5-py39h261ae71_0.conda",
  "legacy_bz2_md5": "227c9160144b3c934d796eb4047be270",
  "license": "MIT",
  "link": {
    "source": "/root/venv3.9/pkgs/cffi-1.14.5-py39h261ae71_0",
    "type": 1
  },
  "md5": "8b371e85362f192614184ef66c9e05ae",
  "name": "cffi",
  "package_tarball_full_path": "/root/venv3.9/pkgs/cffi-1.14.5-py39h261ae71_0.conda",
  "paths_data": {
    "paths": [
      {
        "_path": "lib/python3.9/site-packages/_cffi_backend.cpython-39-x86_64-linux-gnu.so",
        "path_type": "hardlink",
        "sha256": "562acb651d21e3dfc441320276b2e16f0616f3a6b7f44428a2b85021c5e1186d",
        "sha256_in_prefix": "562acb651d21e3dfc441320276b2e16f0616f3a6b7f44428a2b85021c5e1186d",
        "size_in_bytes": 212776
      },
      {
        "_path": "lib/python3.9/site-packages/cffi-1.14.5.dist-info/INSTALLER",
        "path_type": "hardlink",
        "sha256": "d0edee15f91b406f3f99726e44eb990be6e34fd0345b52b910c568e0eef6a2a8",
        "sha256_in_prefix": "d0edee15f91b406f3f99726e44eb990be6e34fd0345b52b910c568e0eef6a2a8",
        "size_in_bytes": 5
      },
      {
        "_path": "lib/python3.9/site-packages/cffi-1.14.5.dist-info/LICENSE",
        "path_type": "hardlink",
        "sha256": "04b80f5b077bbed68808cfebadeb5e3523f2a8c9a96495c587bd96df1eac2a33",
        "sha256_in_prefix": "04b80f5b077bbed68808cfebadeb5e3523f2a8c9a96495c587bd96df1eac2a33",
        "size_in_bytes": 1294
      },
      {
        "_path": "lib/python3.9/site-packages/cffi-1.14.5.dist-info/METADATA",
        "path_type": "hardlink",
        "sha256": "f5c40971f5fc32333d9e50179477027be626472ec4cfd22c037792a0e7586166",
        "sha256_in_prefix": "f5c40971f5fc32333d9e50179477027be626472ec4cfd22c037792a0e7586166",
        "size_in_bytes": 1191
      },
      {
        "_path": "lib/python3.9/site-packages/cffi-1.14.5.dist-info/RECORD",
        "path_type": "hardlink",
        "sha256": "80d3cca8eb180ca6e63e7e790fda3120b3ca5b373a61b8a86b644e88d830469d",
        "sha256_in_prefix": "80d3cca8eb180ca6e63e7e790fda3120b3ca5b373a61b8a86b644e88d830469d",
        "size_in_bytes": 3075
      },
      {
        "_path": "lib/python3.9/site-packages/cffi-1.14.5.dist-info/REQUESTED",
        "path_type": "hardlink",
        "sha256": "e3b0c44298fc1c149afbf4c8996fb92427ae41e4649b934ca495991b7852b855",
        "sha256_in_prefix": "e3b0c44298fc1c149afbf4c8996fb92427ae41e4649b934ca495991b7852b855",
        "size_in_bytes": 0
      },
      {
        "_path": "lib/python3.9/site-packages/cffi-1.14.5.dist-info/WHEEL",
        "path_type": "hardlink",
        "sha256": "8d1fc321f87460fad37b3ee2dd8a81cc662e29d56cef916364c74cb6f2308a83",
        "sha256_in_prefix": "8d1fc321f87460fad37b3ee2dd8a81cc662e29d56cef916364c74cb6f2308a83",
        "size_in_bytes": 103
      },
      {
        "_path": "lib/python3.9/site-packages/cffi-1.14.5.dist-info/direct_url.json",
        "path_type": "hardlink",
        "sha256": "72b56f6e87f6f2a6a452b35572be6705be0c04adfaf43a7f05c940d864c496b1",
        "sha256_in_prefix": "72b56f6e87f6f2a6a452b35572be6705be0c04adfaf43a7f05c940d864c496b1",
        "size_in_bytes": 77
      },
      {
        "_path": "lib/python3.9/site-packages/cffi-1.14.5.dist-info/entry_points.txt",
        "path_type": "hardlink",
        "sha256": "43d7f90bd2298d8c68d1dd8f2bd794727920c4773da475b08c431a00d3ca3422",
        "sha256_in_prefix": "43d7f90bd2298d8c68d1dd8f2bd794727920c4773da475b08c431a00d3ca3422",
        "size_in_bytes": 76
      },
      {
        "_path": "lib/python3.9/site-packages/cffi-1.14.5.dist-info/top_level.txt",
        "path_type": "hardlink",
        "sha256": "ac4ed6477ad97cd2b1588f7e8e7ea1b0708097b303901f859ae41bc568c57a14",
        "sha256_in_prefix": "ac4ed6477ad97cd2b1588f7e8e7ea1b0708097b303901f859ae41bc568c57a14",
        "size_in_bytes": 19
      },
      {
        "_path": "lib/python3.9/site-packages/cffi/__init__.py",
        "path_type": "hardlink",
        "sha256": "c537ba619537f93d7f873bb8c7b2ccb3a69fc2b6e1b7061a438a180984dfcb73",
        "sha256_in_prefix": "c537ba619537f93d7f873bb8c7b2ccb3a69fc2b6e1b7061a438a180984dfcb73",
        "size_in_bytes": 513
      },
      {
        "_path": "lib/python3.9/site-packages/cffi/__pycache__/__init__.cpython-39.pyc",
        "path_type": "hardlink",
        "sha256": "f437e1914d1a86fa453685f85bc91a5779bbde73a96bde2d593be4a6c4adbb88",
        "sha256_in_prefix": "f437e1914d1a86fa453685f85bc91a5779bbde73a96bde2d593be4a6c4adbb88",
        "size_in_bytes": 476
      },
      {
        "_path": "lib/python3.9/site-packages/cffi/__pycache__/api.cpython-39.pyc",
        "path_type": "hardlink",
        "sha256": "97d30d14914dbfd588408d5d2ebece5e1259134483130994525a2be68ec7e6eb",
        "sha256_in_prefix": "97d30d14914dbfd588408d5d2ebece5e1259134483130994525a2be68ec7e6eb",
        "size_in_bytes": 34319
      },
      {
        "_path": "lib/python3.9/site-packages/cffi/__pycache__/backend_ctypes.cpython-39.pyc",
        "path_type": "hardlink",
        "sha256": "3c9b789ece81389fe957939a7e65c13950553797fb030ca914fbc6caf4aafaf3",
        "sha256_in_prefix": "3c9b789ece81389fe957939a7e65c13950553797fb030ca914fbc6caf4aafaf3",
        "size_in_bytes": 39916
      },
      {
        "_path": "lib/python3.9/site-packages/cffi/__pycache__/cffi_opcode.cpython-39.pyc",
        "path_type": "hardlink",
        "sha256": "06f8917acd798ac0f894f968742dc53a4427801ab5fb017a0a407549e4a8a987",
        "sha256_in_prefix": "06f8917acd798ac0f894f968742dc53a4427801ab5fb017a0a407549e4a8a987",
        "size_in_bytes": 4712
      },
      {
        "_path": "lib/python3.9/site-packages/cffi/__pycache__/commontypes.cpython-39.pyc",
        "path_type": "hardlink",
        "sha256": "52388bcb33f94b85c45faefb0ff9f86cff830f36dae09a436ac6f7823fcdc0dd",
        "sha256_in_prefix": "52388bcb33f94b85c45faefb0ff9f86cff830f36dae09a436ac6f7823fcdc0dd",
        "size_in_bytes": 1857
      },
      {
        "_path": "lib/python3.9/site-packages/cffi/__pycache__/cparser.cpython-39.pyc",
        "path_type": "hardlink",
        "sha256": "4f2af2114023158281b6fcc07038272630e8c34197eb5a034b38460b8959e531",
        "sha256_in_prefix": "4f2af2114023158281b6fcc07038272630e8c34197eb5a034b38460b8959e531",
        "size_in_bytes": 23680
      },
      {
        "_path": "lib/python3.9/site-packages/cffi/__pycache__/error.cpython-39.pyc",
        "path_type": "hardlink",
        "sha256": "f2dafbbbe2a334666b21eed092c1a20ccd928c8d035fbc5d710ff1a7a019f79b",
        "sha256_in_prefix": "f2dafbbbe2a334666b21eed092c1a20ccd928c8d035fbc5d710ff1a7a019f79b",
        "size_in_bytes": 1477
      },
      {
        "_path": "lib/python3.9/site-packages/cffi/__pycache__/ffiplatform.cpython-39.pyc",
        "path_type": "hardlink",
        "sha256": "f38d2bc6341fdb4c419aeaabc39a17046398d3a5ca503219d04047d3b1429036",
        "sha256_in_prefix": "f38d2bc6341fdb4c419aeaabc39a17046398d3a5ca503219d04047d3b1429036",
        "size_in_bytes": 3534
      },
      {
        "_path": "lib/python3.9/site-packages/cffi/__pycache__/lock.cpython-39.pyc",
        "path_type": "hardlink",
        "sha256": "a60b74da68087afcb1785df522219f75842c0535e5e67b9bea249b53f7c4d855",
        "sha256_in_prefix": "a60b74da68087afcb1785df522219f75842c0535e5e67b9bea249b53f7c4d855",
        "size_in_bytes": 374
      },
      {
        "_path": "lib/python3.9/site-packages/cffi/__pycache__/model.cpython-39.pyc",
        "path_type": "hardlink",
        "sha256": "61e031e5f964634a9c2c71263c1e138286cf7c3f6859d940f3e45eeca26e13c0",
        "sha256_in_prefix": "61e031e5f964634a9c2c71263c1e138286cf7c3f6859d940f3e45eeca26e13c0",
        "size_in_bytes": 19716
      },
      {
        "_path": "lib/python3.9/site-packages/cffi/__pycache__/pkgconfig.cpython-39.pyc",
        "path_type": "hardlink",
        "sha256": "8f4340420cad59851b1c43bc6ba85e7b4898bcb3bb63b7089ea8fcb361a9f405",
        "sha256_in_prefix": "8f4340420cad59851b1c43bc6ba85e7b4898bcb3bb63b7089ea8fcb361a9f405",
        "size_in_bytes": 5112
      },
      {
        "_path": "lib/python3.9/site-packages/cffi/__pycache__/recompiler.cpython-39.pyc",
        "path_type": "hardlink",
        "sha256": "142efaf690f908e9ded207135e5781a069d4d161ff55dc7468a5630b4fef2d7e",
        "sha256_in_prefix": "142efaf690f908e9ded207135e5781a069d4d161ff55dc7468a5630b4fef2d7e",
        "size_in_bytes": 46911
      },
      {
        "_path": "lib/python3.9/site-packages/cffi/__pycache__/setuptools_ext.cpython-39.pyc",
        "path_type": "hardlink",
        "sha256": "4dfde4542862be22f23c92b2e3a798e2795b5bc42a8a0fa33d464414b128cc7c",
        "sha256_in_prefix": "4dfde4542862be22f23c92b2e3a798e2795b5bc42a8a0fa33d464414b128cc7c",
        "size_in_bytes": 7251
      },
      {
        "_path": "lib/python3.9/site-packages/cffi/__pycache__/vengine_cpy.cpython-39.pyc",
        "path_type": "hardlink",
        "sha256": "005e2b5611bfe99dafaa88390e64175d86830ab840c48e872efa2ba05d94cd45",
        "sha256_in_prefix": "005e2b5611bfe99dafaa88390e64175d86830ab840c48e872efa2ba05d94cd45",
        "size_in_bytes": 35437
      },
      {
        "_path": "lib/python3.9/site-packages/cffi/__pycache__/vengine_gen.cpython-39.pyc",
        "path_type": "hardlink",
        "sha256": "f0defc3ecd2141a70c8ce4cb4da75ad634900b651e18ef8b5c7a9f9b1d25f2e5",
        "sha256_in_prefix": "f0defc3ecd2141a70c8ce4cb4da75ad634900b651e18ef8b5c7a9f9b1d25f2e5",
        "size_in_bytes": 20974
      },
      {
        "_path": "lib/python3.9/site-packages/cffi/__pycache__/verifier.cpython-39.pyc",
        "path_type": "hardlink",
        "sha256": "673e8f4036d7f1cf50c65cb76c7c1e76307c7170013ed5a8bf440c30b5543184",
        "sha256_in_prefix": "673e8f4036d7f1cf50c65cb76c7c1e76307c7170013ed5a8bf440c30b5543184",
        "size_in_bytes": 9281
      },
      {
        "_path": "lib/python3.9/site-packages/cffi/_cffi_errors.h",
        "path_type": "hardlink",
        "sha256": "ea7150fb8751408d5b5d1a127aa76fc8a537dd39aeb50241ff67c08564b3765f",
        "sha256_in_prefix": "ea7150fb8751408d5b5d1a127aa76fc8a537dd39aeb50241ff67c08564b3765f",
        "size_in_bytes": 3856
      },
      {
        "_path": "lib/python3.9/site-packages/cffi/_cffi_include.h",
        "path_type": "hardlink",
        "sha256": "b4a9c0d6b752a0f1e9db71670cbd660c6c05a3e523e9f5df03abc0ea47281147",
        "sha256_in_prefix": "b4a9c0d6b752a0f1e9db71670cbd660c6c05a3e523e9f5df03abc0ea47281147",
        "size_in_bytes": 14800
      },
      {
        "_path": "lib/python3.9/site-packages/cffi/_embedding.h",
        "path_type": "hardlink",
        "sha256": "bd73fde6730a37f8f008659e9cbdd7ba034fc1ad8aa3ecaaaa9d2503e361e7e2",
        "sha256_in_prefix": "bd73fde6730a37f8f008659e9cbdd7ba034fc1ad8aa3ecaaaa9d2503e361e7e2",
        "size_in_bytes": 17581
      },
      {
        "_path": "lib/python3.9/site-packages/cffi/api.py",
        "path_type": "hardlink",
        "sha256": "cb125a94878f6ebd66cff5b1007a244b0c8fe4255875ee389be9e89479db24da",
        "sha256_in_prefix": "cb125a94878f6ebd66cff5b1007a244b0c8fe4255875ee389be9e89479db24da",
        "size_in_bytes": 42064
      },
      {
        "_path": "lib/python3.9/site-packages/cffi/backend_ctypes.py",
        "path_type": "hardlink",
        "sha256": "879648ccb73a0455579c6c9cf713ea656512eea1b2ef21520ea5deebc49af33e",
        "sha256_in_prefix": "879648ccb73a0455579c6c9cf713ea656512eea1b2ef21520ea5deebc49af33e",
        "size_in_bytes": 42454
      },
      {
        "_path": "lib/python3.9/site-packages/cffi/cffi_opcode.py",
        "path_type": "hardlink",
        "sha256": "bfd45d0ffa2f03cac2b6ab02f7922f922e55ebaeeb00e84682cddf6f6abdc693",
        "sha256_in_prefix": "bfd45d0ffa2f03cac2b6ab02f7922f922e55ebaeeb00e84682cddf6f6abdc693",
        "size_in_bytes": 5724
      },
      {
        "_path": "lib/python3.9/site-packages/cffi/commontypes.py",
        "path_type": "hardlink",
        "sha256": "412e2ec420c8ec986d4f28e1d61967080fa0ca799ab335b125a4512c69096b50",
        "sha256_in_prefix": "412e2ec420c8ec986d4f28e1d61967080fa0ca799ab335b125a4512c69096b50",
        "size_in_bytes": 2689
      },
      {
        "_path": "lib/python3.9/site-packages/cffi/cparser.py",
        "path_type": "hardlink",
        "sha256": "aceff5a442d1c35808d431359b8822da293924c7e9c68b800022d7a513e55440",
        "sha256_in_prefix": "aceff5a442d1c35808d431359b8822da293924c7e9c68b800022d7a513e55440",
        "size_in_bytes": 44231
      },
      {
        "_path": "lib/python3.9/site-packages/cffi/error.py",
        "path_type": "hardlink",
        "sha256": "bfac53892e14d24bc3732e21fc10d1a39bf7f5942e8fe20c4582efe444dd759b",
        "sha256_in_prefix": "bfac53892e14d24bc3732e21fc10d1a39bf7f5942e8fe20c4582efe444dd759b",
        "size_in_bytes": 877
      },
      {
        "_path": "lib/python3.9/site-packages/cffi/ffiplatform.py",
        "path_type": "hardlink",
        "sha256": "1cc5ea47c92cdb0b5db0dc46696a50fcfcaa22fb62ba8b3fbdfd6a282cbe7308",
        "sha256_in_prefix": "1cc5ea47c92cdb0b5db0dc46696a50fcfcaa22fb62ba8b3fbdfd6a282cbe7308",
        "size_in_bytes": 4046
      },
      {
        "_path": "lib/python3.9/site-packages/cffi/lock.py",
        "path_type": "hardlink",
        "sha256": "97d4d37703083298ba8c39091a742013d72f4c847b0809ed209afc1061edde96",
        "sha256_in_prefix": "97d4d37703083298ba8c39091a742013d72f4c847b0809ed209afc1061edde96",
        "size_in_bytes": 747
      },
      {
        "_path": "lib/python3.9/site-packages/cffi/model.py",
        "path_type": "hardlink",
        "sha256": "fc61ff505d519fdbc2e00be68099baaa3ed15175c6ddea8a3dcf1b3f1c7204a1",
        "sha256_in_prefix": "fc61ff505d519fdbc2e00be68099baaa3ed15175c6ddea8a3dcf1b3f1c7204a1",
        "size_in_bytes": 21768
      },
      {
        "_path": "lib/python3.9/site-packages/cffi/parse_c_type.h",
        "path_type": "hardlink",
        "sha256": "39dc107f033d92dababe5081e377b11509b10c1b63d8c04d74af0b625d79b63c",
        "sha256_in_prefix": "39dc107f033d92dababe5081e377b11509b10c1b63d8c04d74af0b625d79b63c",
        "size_in_bytes": 5976
      },
      {
        "_path": "lib/python3.9/site-packages/cffi/pkgconfig.py",
        "path_type": "hardlink",
        "sha256": "2cfd70eef996be62b0caa2da535676e3714e58635032b80c519aef805b8e95ca",
        "sha256_in_prefix": "2cfd70eef996be62b0caa2da535676e3714e58635032b80c519aef805b8e95ca",
        "size_in_bytes": 4374
      },
      {
        "_path": "lib/python3.9/site-packages/cffi/recompiler.py",
        "path_type": "hardlink",
        "sha256": "ece05d2abd1d03346711b810be30808a4a050328234ef8ad6891dd446735936e",
        "sha256_in_prefix": "ece05d2abd1d03346711b810be30808a4a050328234ef8ad6891dd446735936e",
        "size_in_bytes": 64568
      },
      {
        "_path": "lib/python3.9/site-packages/cffi/setuptools_ext.py",
        "path_type": "hardlink",
        "sha256": "454475ecde5ff20a624010655cbdf83fd16d3aed6684721a01fdd62658394b82",
        "sha256_in_prefix": "454475ecde5ff20a624010655cbdf83fd16d3aed6684721a01fdd62658394b82",
        "size_in_bytes": 8931
      },
      {
        "_path": "lib/python3.9/site-packages/cffi/vengine_cpy.py",
        "path_type": "hardlink",
        "sha256": "62094df184be51a1c4bf6936731828b4d584f3b7475f6d3eebc1322a888a5180",
        "sha256_in_prefix": "62094df184be51a1c4bf6936731828b4d584f3b7475f6d3eebc1322a888a5180",
        "size_in_bytes": 43320
      },
      {
        "_path": "lib/python3.9/site-packages/cffi/vengine_gen.py",
        "path_type": "hardlink",
        "sha256": "e5d5fbb350d4ea94c138c23aa13567ffc0679abbbf963f77d81e9be2fdbd1e58",
        "sha256_in_prefix": "e5d5fbb350d4ea94c138c23aa13567ffc0679abbbf963f77d81e9be2fdbd1e58",
        "size_in_bytes": 26684
      },
      {
        "_path": "lib/python3.9/site-packages/cffi/verifier.py",
        "path_type": "hardlink",
        "sha256": "27d127cf6adb25bf421cfa96956439b90112a32af4b9cecc356ba07218d706fe",
        "sha256_in_prefix": "27d127cf6adb25bf421cfa96956439b90112a32af4b9cecc356ba07218d706fe",
        "size_in_bytes": 11207
      }
    ],
    "paths_version": 1
  },
  "requested_spec": "None",
  "sha256": "ea3160a1537296a9fa1940279640486a22705a96d598002313cced8da7842c26",
  "size": 231892,
  "subdir": "linux-64",
  "timestamp": 1613246999673,
  "track_features": "",
  "url": "https://repo.anaconda.com/pkgs/main/linux-64/cffi-1.14.5-py39h261ae71_0.conda",
  "version": "1.14.5"
}