{
  "build": "py39hd23ed53_0",
  "build_number": 0,
  "channel": "https://repo.anaconda.com/pkgs/main/linux-64",
  "constrains": [],
  "depends": [
    "cffi >=1.12",
    "libgcc-ng",
    "openssl >=1.1.1k,<1.1.2a",
    "python >=3.9,<3.10.0a0"
  ],
  "extracted_package_dir": "/root/venv3.9/pkgs/cryptography-3.4.7-py39hd23ed53_0",
  "features": "",
  "files": [
    "lib/python3.9/site-packages/cryptography-3.4.7.dist-info/INSTALLER",
    "lib/python3.9/site-packages/cryptography-3.4.7.dist-info/LICENSE",
    "lib/python3.9/site-packages/cryptography-3.4.7.dist-info/LICENSE.APACHE",
    "lib/python3.9/site-packages/cryptography-3.4.7.dist-info/LICENSE.BSD",
    "lib/python3.9/site-packages/cryptography-3.4.7.dist-info/LICENSE.PSF",
    "lib/python3.9/site-packages/cryptography-3.4.7.dist-info/METADATA",
    "lib/python3.9/site-packages/cryptography-3.4.7.dist-info/RECORD",
    "lib/python3.9/site-packages/cryptography-3.4.7.dist-info/REQUESTED",
    "lib/python3.9/site-packages/cryptography-3.4.7.dist-info/WHEEL",
    "lib/python3.9/site-packages/cryptography-3.4.7.dist-info/direct_url.json",
    "lib/python3.9/site-packages/cryptography-3.4.7.dist-info/top_level.txt",
    "lib/python3.9/site-packages/cryptography/__about__.py",
    "lib/python3.9/site-packages/cryptography/__init__.py",
    "lib/python3.9/site-packages/cryptography/__pycache__/__about__.cpython-39.pyc",
    "lib/python3.9/site-packages/cryptography/__pycache__/__init__.cpython-39.pyc",
    "lib/python3.9/site-packages/cryptography/__pycache__/exceptions.cpython-39.pyc",
    "lib/python3.9/site-packages/cryptography/__pycache__/fernet.cpython-39.pyc",
    "lib/python3.9/site-packages/cryptography/__pycache__/utils.cpython-39.pyc",
    "lib/python3.9/site-packages/cryptography/exceptions.py",
    "lib/python3.9/site-packages/cryptography/fernet.py",
    "lib/python3.9/site-packages/cryptography/hazmat/__init__.py",
    "lib/python3.9/site-packages/cryptography/hazmat/__pycache__/__init__.cpython-39.pyc",
    "lib/python3.9/site-packages/cryptography/hazmat/__pycache__/_der.cpython-39.pyc",
    "lib/python3.9/site-packages/cryptography/hazmat/__pycache__/_oid.cpython-39.pyc",
    "lib/python3.9/site-packages/cryptography/hazmat/__pycache__/_types.cpython-39.pyc",
    "lib/python3.9/site-packages/cryptography/hazmat/_der.py",
    "lib/python3.9/site-packages/cryptography/hazmat/_oid.py",
    "lib/python3.9/site-packages/cryptography/hazmat/_types.py",
    "lib/python3.9/site-packages/cryptography/hazmat/backends/__init__.py",
    "lib/python3.9/site-packages/cryptography/hazmat/backends/__pycache__/__init__.cpython-39.pyc",
    "lib/python3.9/site-packages/cryptography/hazmat/backends/__pycache__/interfaces.cpython-39.pyc",
    "lib/python3.9/site-packages/cryptography/hazmat/backends/interfaces.py",
    "lib/python3.9/site-packages/cryptography/hazmat/backends/openssl/__init__.py",
    "lib/python3.9/site-packages/cryptography/hazmat/backends/openssl/__pycache__/__init__.cpython-39.pyc",
    "lib/python3.9/site-packages/cryptography/hazmat/backends/openssl/__pycache__/aead.cpython-39.pyc",
    "lib/python3.9/site-packages/cryptography/hazmat/backends/openssl/__pycache__/backend.cpython-39.pyc",
    "lib/python3.9/site-packages/cryptography/hazmat/backends/openssl/__pycache__/ciphers.cpython-39.pyc",
    "lib/python3.9/site-packages/cryptography/hazmat/backends/openssl/__pycache__/cmac.cpython-39.pyc",
    "lib/python3.9/site-packages/cryptography/hazmat/backends/openssl/__pycache__/decode_asn1.cpython-39.pyc",
    "lib/python3.9/site-packages/cryptography/hazmat/backends/openssl/__pycache__/dh.cpython-39.pyc",
    "lib/python3.9/site-packages/cryptography/hazmat/backends/openssl/__pycache__/dsa.cpython-39.pyc",
    "lib/python3.9/site-packages/cryptography/hazmat/backends/openssl/__pycache__/ec.cpython-39.pyc",
    "lib/python3.9/site-packages/cryptography/hazmat/backends/openssl/__pycache__/ed25519.cpython-39.pyc",
    "lib/python3.9/site-packages/cryptography/hazmat/backends/openssl/__pycache__/ed448.cpython-39.pyc",
    "lib/python3.9/site-packages/cryptography/hazmat/backends/openssl/__pycache__/encode_asn1.cpython-39.pyc",
    "lib/python3.9/site-packages/cryptography/hazmat/backends/openssl/__pycache__/hashes.cpython-39.pyc",
    "lib/python3.9/site-packages/cryptography/hazmat/backends/openssl/__pycache__/hmac.cpython-39.pyc",
    "lib/python3.9/site-packages/cryptography/hazmat/backends/openssl/__pycache__/ocsp.cpython-39.pyc",
    "lib/python3.9/site-packages/cryptography/hazmat/backends/openssl/__pycache__/poly1305.cpython-39.pyc",
    "lib/python3.9/site-packages/cryptography/hazmat/backends/openssl/__pycache__/rsa.cpython-39.pyc",
    "lib/python3.9/site-packages/cryptography/hazmat/backends/openssl/__pycache__/utils.cpython-39.pyc",
    "lib/python3.9/site-packages/cryptography/hazmat/backends/openssl/__pycache__/x25519.cpython-39.pyc",
    "lib/python3.9/site-packages/cryptography/hazmat/backends/openssl/__pycache__/x448.cpython-39.pyc",
    "lib/python3.9/site-packages/cryptography/hazmat/backends/openssl/__pycache__/x509.cpython-39.pyc",
    "lib/python3.9/site-packages/cryptography/hazmat/backends/openssl/aead.py",
    "lib/python3.9/site-packages/cryptography/hazmat/backends/openssl/backend.py",
    "lib/python3.9/site-packages/cryptography/hazmat/backends/openssl/ciphers.py",
    "lib/python3.9/site-packages/cryptography/hazmat/backends/openssl/cmac.py",
    "lib/python3.9/site-packages/cryptography/hazmat/backends/openssl/decode_asn1.py",
    "lib/python3.9/site-packages/cryptography/hazmat/backends/openssl/dh.py",
    "lib/python3.9/site-packages/cryptography/hazmat/backends/openssl/dsa.py",
    "lib/python3.9/site-packages/cryptography/hazmat/backends/openssl/ec.py",
    "lib/python3.9/site-packages/cryptography/hazmat/backends/openssl/ed25519.py",
    "lib/python3.9/site-packages/cryptography/hazmat/backends/openssl/ed448.py",
    "lib/python3.9/site-packages/cryptography/hazmat/backends/openssl/encode_asn1.py",
    "lib/python3.9/site-packages/cryptography/hazmat/backends/openssl/hashes.py",
    "lib/python3.9/site-packages/cryptography/hazmat/backends/openssl/hmac.py",
    "lib/python3.9/site-packages/cryptography/hazmat/backends/openssl/ocsp.py",
    "lib/python3.9/site-packages/cryptography/hazmat/backends/openssl/poly1305.py",
    "lib/python3.9/site-packages/cryptography/hazmat/backends/openssl/rsa.py",
    "lib/python3.9/site-packages/cryptography/hazmat/backends/openssl/utils.py",
    "lib/python3.9/site-packages/cryptography/hazmat/backends/openssl/x25519.py",
    "lib/python3.9/site-packages/cryptography/hazmat/backends/openssl/x448.py",
    "lib/python3.9/site-packages/cryptography/hazmat/backends/openssl/x509.py",
    "lib/python3.9/site-packages/cryptography/hazmat/bindings/__init__.py",
    "lib/python3.9/site-packages/cryptography/hazmat/bindings/__pycache__/__init__.cpython-39.pyc",
    "lib/python3.9/site-packages/cryptography/hazmat/bindings/_openssl.abi3.so",
    "lib/python3.9/site-packages/cryptography/hazmat/bindings/_padding.abi3.so",
    "lib/python3.9/site-packages/cryptography/hazmat/bindings/_rust.abi3.so",
    "lib/python3.9/site-packages/cryptography/hazmat/bindings/openssl/__init__.py",
    "lib/python3.9/site-packages/cryptography/hazmat/bindings/openssl/__pycache__/__init__.cpython-39.pyc",
    "lib/python3.9/site-packages/cryptography/hazmat/bindings/openssl/__pycache__/_conditional.cpython-39.pyc",
    "lib/python3.9/site-packages/cryptography/hazmat/bindings/openssl/__pycache__/binding.cpython-39.pyc",
    "lib/python3.9/site-packages/cryptography/hazmat/bindings/openssl/_conditional.py",
    "lib/python3.9/site-packages/cryptography/hazmat/bindings/openssl/binding.py",
    "lib/python3.9/site-packages/cryptography/hazmat/primitives/__init__.py",
    "lib/python3.9/site-packages/cryptography/hazmat/primitives/__pycache__/__init__.cpython-39.pyc",
    "lib/python3.9/site-packages/cryptography/hazmat/primitives/__pycache__/_asymmetric.cpython-39.pyc",
    "lib/python3.9/site-packages/cryptography/hazmat/primitives/__pycache__/_cipheralgorithm.cpython-39.pyc",
    "lib/python3.9/site-packages/cryptography/hazmat/primitives/__pycache__/_serialization.cpython-39.pyc",
    "lib/python3.9/site-packages/cryptography/hazmat/primitives/__pycache__/cmac.cpython-39.pyc",
    "lib/python3.9/site-packages/cryptography/hazmat/primitives/__pycache__/constant_time.cpython-39.pyc",
    "lib/python3.9/site-packages/cryptography/hazmat/primitives/__pycache__/hashes.cpython-39.pyc",
    "lib/python3.9/site-packages/cryptography/hazmat/primitives/__pycache__/hmac.cpython-39.pyc",
    "lib/python3.9/site-packages/cryptography/hazmat/primitives/__pycache__/keywrap.cpython-39.pyc",
    "lib/python3.9/site-packages/cryptography/hazmat/primitives/__pycache__/padding.cpython-39.pyc",
    "lib/python3.9/site-packages/cryptography/hazmat/primitives/__pycache__/poly1305.cpython-39.pyc",
    "lib/python3.9/site-packages/cryptography/hazmat/primitives/_asymmetric.py",
    "lib/python3.9/site-packages/cryptography/hazmat/primitives/_cipheralgorithm.py",
    "lib/python3.9/site-packages/cryptography/hazmat/primitives/_serialization.py",
    "lib/python3.9/site-packages/cryptography/hazmat/primitives/asymmetric/__init__.py",
    "lib/python3.9/site-packages/cryptography/hazmat/primitives/asymmetric/__pycache__/__init__.cpython-39.pyc",
    "lib/python3.9/site-packages/cryptography/hazmat/primitives/asymmetric/__pycache__/dh.cpython-39.pyc",
    "lib/python3.9/site-packages/cryptography/hazmat/primitives/asymmetric/__pycache__/dsa.cpython-39.pyc",
    "lib/python3.9/site-packages/cryptography/hazmat/primitives/asymmetric/__pycache__/ec.cpython-39.pyc",
    "lib/python3.9/site-packages/cryptography/hazmat/primitives/asymmetric/__pycache__/ed25519.cpython-39.pyc",
    "lib/python3.9/site-packages/cryptography/hazmat/primitives/asymmetric/__pycache__/ed448.cpython-39.pyc",
    "lib/python3.9/site-packages/cryptography/hazmat/primitives/asymmetric/__pycache__/padding.cpython-39.pyc",
    "lib/python3.9/site-packages/cryptography/hazmat/primitives/asymmetric/__pycache__/rsa.cpython-39.pyc",
    "lib/python3.9/site-packages/cryptography/hazmat/primitives/asymmetric/__pycache__/utils.cpython-39.pyc",
    "lib/python3.9/site-packages/cryptography/hazmat/primitives/asymmetric/__pycache__/x25519.cpython-39.pyc",
    "lib/python3.9/site-packages/cryptography/hazmat/primitives/asymmetric/__pycache__/x448.cpython-39.pyc",
    "lib/python3.9/site-packages/cryptography/hazmat/primitives/asymmetric/dh.py",
    "lib/python3.9/site-packages/cryptography/hazmat/primitives/asymmetric/dsa.py",
    "lib/python3.9/site-packages/cryptography/hazmat/primitives/asymmetric/ec.py",
    "lib/python3.9/site-packages/cryptography/hazmat/primitives/asymmetric/ed25519.py",
    "lib/python3.9/site-packages/cryptography/hazmat/primitives/asymmetric/ed448.py",
    "lib/python3.9/site-packages/cryptography/hazmat/primitives/asymmetric/padding.py",
    "lib/python3.9/site-packages/cryptography/hazmat/primitives/asymmetric/rsa.py",
    "lib/python3.9/site-packages/cryptography/hazmat/primitives/asymmetric/utils.py",
    "lib/python3.9/site-packages/cryptography/hazmat/primitives/asymmetric/x25519.py",
    "lib/python3.9/site-packages/cryptography/hazmat/primitives/asymmetric/x448.py",
    "lib/python3.9/site-packages/cryptography/hazmat/primitives/ciphers/__init__.py",
    "lib/python3.9/site-packages/cryptography/hazmat/primitives/ciphers/__pycache__/__init__.cpython-39.pyc",
    "lib/python3.9/site-packages/cryptography/hazmat/primitives/ciphers/__pycache__/aead.cpython-39.pyc",
    "lib/python3.9/site-packages/cryptography/hazmat/primitives/ciphers/__pycache__/algorithms.cpython-39.pyc",
    "lib/python3.9/site-packages/cryptography/hazmat/primitives/ciphers/__pycache__/base.cpython-39.pyc",
    "lib/python3.9/site-packages/cryptography/hazmat/primitives/ciphers/__pycache__/modes.cpython-39.pyc",
    "lib/python3.9/site-packages/cryptography/hazmat/primitives/ciphers/aead.py",
    "lib/python3.9/site-packages/cryptography/hazmat/primitives/ciphers/algorithms.py",
    "lib/python3.9/site-packages/cryptography/hazmat/primitives/ciphers/base.py",
    "lib/python3.9/site-packages/cryptography/hazmat/primitives/ciphers/modes.py",
    "lib/python3.9/site-packages/cryptography/hazmat/primitives/cmac.py",
    "lib/python3.9/site-packages/cryptography/hazmat/primitives/constant_time.py",
    "lib/python3.9/site-packages/cryptography/hazmat/primitives/hashes.py",
    "lib/python3.9/site-packages/cryptography/hazmat/primitives/hmac.py",
    "lib/python3.9/site-packages/cryptography/hazmat/primitives/kdf/__init__.py",
    "lib/python3.9/site-packages/cryptography/hazmat/primitives/kdf/__pycache__/__init__.cpython-39.pyc",
    "lib/python3.9/site-packages/cryptography/hazmat/primitives/kdf/__pycache__/concatkdf.cpython-39.pyc",
    "lib/python3.9/site-packages/cryptography/hazmat/primitives/kdf/__pycache__/hkdf.cpython-39.pyc",
    "lib/python3.9/site-packages/cryptography/hazmat/primitives/kdf/__pycache__/kbkdf.cpython-39.pyc",
    "lib/python3.9/site-packages/cryptography/hazmat/primitives/kdf/__pycache__/pbkdf2.cpython-39.pyc",
    "lib/python3.9/site-packages/cryptography/hazmat/primitives/kdf/__pycache__/scrypt.cpython-39.pyc",
    "lib/python3.9/site-packages/cryptography/hazmat/primitives/kdf/__pycache__/x963kdf.cpython-39.pyc",
    "lib/python3.9/site-packages/cryptography/hazmat/primitives/kdf/concatkdf.py",
    "lib/python3.9/site-packages/cryptography/hazmat/primitives/kdf/hkdf.py",
    "lib/python3.9/site-packages/cryptography/hazmat/primitives/kdf/kbkdf.py",
    "lib/python3.9/site-packages/cryptography/hazmat/primitives/kdf/pbkdf2.py",
    "lib/python3.9/site-packages/cryptography/hazmat/primitives/kdf/scrypt.py",
    "lib/python3.9/site-packages/cryptography/hazmat/primitives/kdf/x963kdf.py",
    "lib/python3.9/site-packages/cryptography/hazmat/primitives/keywrap.py",
    "lib/python3.9/site-packages/cryptography/hazmat/primitives/padding.py",
    "lib/python3.9/site-packages/cryptography/hazmat/primitives/poly1305.py",
    "lib/python3.9/site-packages/cryptography/hazmat/primitives/serialization/__init__.py",
    "lib/python3.9/site-packages/cryptography/hazmat/primitives/serialization/__pycache__/__init__.cpython-39.pyc",
    "lib/python3.9/site-packages/cryptography/hazmat/primitives/serialization/__pycache__/base.cpython-39.pyc",
    "lib/python3.9/site-packages/cryptography/hazmat/primitives/serialization/__pycache__/pkcs12.cpython-39.pyc",
    "lib/python3.9/site-packages/cryptography/hazmat/primitives/serialization/__pycache__/pkcs7.cpython-39.pyc",
    "lib/python3.9/site-packages/cryptography/hazmat/primitives/serialization/__pycache__/ssh.cpython-39.pyc",
    "lib/python3.9/site-packages/cryptography/hazmat/primitives/serialization/base.py",
    "lib/python3.9/site-packages/cryptography/hazmat/primitives/serialization/pkcs12.py",
    "lib/python3.9/site-packages/cryptography/hazmat/primitives/serialization/pkcs7.py",
    "lib/python3.9/site-packages/cryptography/hazmat/primitives/serialization/ssh.py",
    "lib/python3.9/site-packages/cryptography/hazmat/primitives/twofactor/__init__.py",
    "lib/python3.9/site-packages/cryptography/hazmat/primitives/twofactor/__pycache__/__init__.cpython-39.pyc",
    "lib/python3.9/site-packages/cryptography/hazmat/primitives/twofactor/__pycache__/hotp.cpython-39.pyc",
    "lib/python3.9/site-packages/cryptography/hazmat/primitives/twofactor/__pycache__/totp.cpython-39.pyc",
    "lib/python3.9/site-packages/cryptography/hazmat/primitives/twofactor/__pycache__/utils.cpython-39.pyc",
    "lib/python3.9/site-packages/cryptography/hazmat/primitives/twofactor/hotp.py",
    "lib/python3.9/site-packages/cryptography/hazmat/primitives/twofactor/totp.py",
    "lib/python3.9/site-packages/cryptography/hazmat/primitives/twofactor/utils.py",
    "lib/python3.9/site-packages/cryptography/py.typed",
    "lib/python3.9/site-packages/cryptography/utils.py",
    "lib/python3.9/site-packages/cryptography/x509/__init__.py",
    "lib/python3.9/site-packages/cryptography/x509/__pycache__/__init__.cpython-39.pyc",
    "lib/python3.9/site-packages/cryptography/x509/__pycache__/base.cpython-39.pyc",
    "lib/python3.9/site-packages/cryptography/x509/__pycache__/certificate_transparency.cpython-39.pyc",
    "lib/python3.9/site-packages/cryptography/x509/__pycache__/extensions.cpython-39.pyc",
    "lib/python3.9/site-packages/cryptography/x509/__pycache__/general_name.cpython-39.pyc",
    "lib/python3.9/site-packages/cryptography/x509/__pycache__/name.cpython-39.pyc",
    "lib/python3.9/site-packages/cryptography/x509/__pycache__/ocsp.cpython-39.pyc",
    "lib/python3.9/site-packages/cryptography/x509/__pycache__/oid.cpython-39.pyc",
    "lib/python3.9/site-packages/cryptography/x509/base.py",
    "lib/python3.9/site-packages/cryptography/x509/certificate_transparency.py",
    "lib/python3.9/site-packages/cryptography/x509/extensions.py",
    "lib/python3.9/site-packages/cryptography/x509/general_name.py",
    "lib/python3.9/site-packages/cryptography/x509/name.py",
    "lib/python3.9/site-packages/cryptography/x509/ocsp.py",
    "lib/python3.9/site-packages/cryptography/x509/oid.py"
  ],
  "fn": "cryptography-3.4.7-py39hd23ed53_0.conda",
  "legacy_bz2_md5": "04c8a1b34174f41818af0185a77cf1e6",
  "license": "Apache-2.0 AND BSD-3-Clause AND PSF-2.0 AND MIT",
  "license_family": "BSD",
  "link": {
    "source": "/root/venv3.9/pkgs/cryptography-3.4.7-py39hd23ed53_0",
    "type": 1
  },
  "md5": "8c4ba6d660cfb76a231129f9e81c1c0d",
  "name": "cryptography",
  "package_tarball_full_path": "/root/venv3.9/pkgs/cryptography-3.4.7-py39hd23ed53_0.conda",
  "paths_data": {
    "paths": [
      {
        "_path": "lib/python3.9/site-packages/cryptography-3.4.7.dist-info/INSTALLER",
        "path_type": "hardlink",
        "sha256": "d0edee15f91b406f3f99726e44eb990be6e34fd0345b52b910c568e0eef6a2a8",
        "sha256_in_prefix": "d0edee15f91b406f3f99726e44eb990be6e34fd0345b52b910c568e0eef6a2a8",
        "size_in_bytes": 5
      },
      {
        "_path": "lib/python3.9/site-packages/cryptography-3.4.7.dist-info/LICENSE",
        "path_type": "hardlink",
        "sha256": "43dad2cc752ab721cd9a9f36ece70fb53ab7713551f2d3d8694d8e8c5a06d6e2",
        "sha256_in_prefix": "43dad2cc752ab721cd9a9f36ece70fb53ab7713551f2d3d8694d8e8c5a06d6e2",
        "size_in_bytes": 323
      },
      {
        "_path": "lib/python3.9/site-packages/cryptography-3.4.7.dist-info/LICENSE.APACHE",
        "path_type": "hardlink",
        "sha256": "aac73b3148f6d1d7111dbca32099f68d26c644c6813ae1e4f05f6579aa2663fe",
        "sha256_in_prefix": "aac73b3148f6d1d7111dbca32099f68d26c644c6813ae1e4f05f6579aa2663fe",
        "size_in_bytes": 11360
      },
      {
        "_path": "lib/python3.9/site-packages/cryptography-3.4.7.dist-info/LICENSE.BSD",
        "path_type": "hardlink",
        "sha256": "602c4c7482de6479dd2e9793cda275e5e63d773dacd1eca689232ab7008fb4fb",
        "sha256_in_prefix": "602c4c7482de6479dd2e9793cda275e5e63d773dacd1eca689232ab7008fb4fb",
        "size_in_bytes": 1532
      },
      {
        "_path": "lib/python3.9/site-packages/cryptography-3.4.7.dist-info/LICENSE.PSF",
        "path_type": "hardlink",
        "sha256": "693ec0a662b39f995a4f252b03a6222945470c1b6f12ca02918e4efe0df64b9f",
        "sha256_in_prefix": "693ec0a662b39f995a4f252b03a6222945470c1b6f12ca02918e4efe0df64b9f",
        "size_in_bytes": 2415
      },
      {
        "_path": "lib/python3.9/site-packages/cryptography-3.4.7.dist-info/METADATA",
        "path_type": "hardlink",
        "sha256": "d891175ff4148ed895b44b48cea2777ffed33366d6d44323f2df877375e56fcf",
        "sha256_in_prefix": "d891175ff4148ed895b44b48cea2777ffed33366d6d44323f2df877375e56fcf",
        "size_in_bytes": 5068
      },
      {
        "_path": "lib/python3.9/site-packages/cryptography-3.4.7.dist-info/RECORD",
        "path_type": "hardlink",
        "sha256": "cb49fed52ca79638fb92b1869105236086f3df0e771bd43665c183e373ae0a51",
        "sha256_in_prefix": "cb49fed52ca79638fb92b1869105236086f3df0e771bd43665c183e373ae0a51",
        "size_in_bytes": 16325
      },
      {
        "_path": "lib/python3.9/site-packages/cryptography-3.4.7.dist-info/REQUESTED",
        "path_type": "hardlink",
        "sha256": "e3b0c44298fc1c149afbf4c8996fb92427ae41e4649b934ca495991b7852b855",
        "sha256_in_prefix": "e3b0c44298fc1c149afbf4c8996fb92427ae41e4649b934ca495991b7852b855",
        "size_in_bytes": 0
      },
      {
        "_path": "lib/python3.9/site-packages/cryptography-3.4.7.dist-info/WHEEL",
        "path_type": "hardlink",
        "sha256": "8d1fc321f87460fad37b3ee2dd8a81cc662e29d56cef916364c74cb6f2308a83",
        "sha256_in_prefix": "8d1fc321f87460fad37b3ee2dd8a81cc662e29d56cef916364c74cb6f2308a83",
        "size_in_bytes": 103
      },
      {
        "_path": "lib/python3.9/site-packages/cryptography-3.4.7.dist-info/direct_url.json",
        "path_type": "hardlink",
        "sha256": "c51bca129cfdbfceb57b3270df03fb6cb2f7bb22a53f7cdad11d7196d978b108",
        "sha256_in_prefix": "c51bca129cfdbfceb57b3270df03fb6cb2f7bb22a53f7cdad11d7196d978b108",
        "size_in_bytes": 85
      },
      {
        "_path": "lib/python3.9/site-packages/cryptography-3.4.7.dist-info/top_level.txt",
        "path_type": "hardlink",
        "sha256": "ad1db087a03a8ee0f4d93059349aaaa2787cc7d50ff526b967d1e5d6908f0a23",
        "sha256_in_prefix": "ad1db087a03a8ee0f4d93059349aaaa2787cc7d50ff526b967d1e5d6908f0a23",
        "size_in_bytes": 31
      },
      {
        "_path": "lib/python3.9/site-packages/cryptography/__about__.py",
        "path_type": "hardlink",
        "sha256": "aaefcd2afef5c6082435acc319d05a6124fbf6eff1beeaab9cd0373e6d9e1fd4",
        "sha256_in_prefix": "aaefcd2afef5c6082435acc319d05a6124fbf6eff1beeaab9cd0373e6d9e1fd4",
        "size_in_bytes": 805
      },
      {
        "_path": "lib/python3.9/site-packages/cryptography/__init__.py",
        "path_type": "hardlink",
        "sha256": "a99f7ff7ac49f1abbe00a91d9362aaeb444a37bcc66a29bff1863fac0cb7fd06",
        "sha256_in_prefix": "a99f7ff7ac49f1abbe00a91d9362aaeb444a37bcc66a29bff1863fac0cb7fd06",
        "size_in_bytes": 511
      },
      {
        "_path": "lib/python3.9/site-packages/cryptography/__pycache__/__about__.cpython-39.pyc",
        "path_type": "hardlink",
        "sha256": "31bda7d132095a1041aab770ad34dd683a6c1466bb6c6c6de626a3f98d12b45c",
        "sha256_in_prefix": "31bda7d132095a1041aab770ad34dd683a6c1466bb6c6c6de626a3f98d12b45c",
        "size_in_bytes": 674
      },
      {
        "_path": "lib/python3.9/site-packages/cryptography/__pycache__/__init__.cpython-39.pyc",
        "path_type": "hardlink",
        "sha256": "c23937a46139e960e898e1290a94cef7ddc235930ef6a0c4afd16d7a9d942474",
        "sha256_in_prefix": "c23937a46139e960e898e1290a94cef7ddc235930ef6a0c4afd16d7a9d942474",
        "size_in_bytes": 409
      },
      {
        "_path": "lib/python3.9/site-packages/cryptography/__pycache__/exceptions.cpython-39.pyc",
        "path_type": "hardlink",
        "sha256": "ff3c57b7683e8ca3d1895c000d4aeb6b558195468390829fd1e022fdc2504274",
        "sha256_in_prefix": "ff3c57b7683e8ca3d1895c000d4aeb6b558195468390829fd1e022fdc2504274",
        "size_in_bytes": 2236
      },
      {
        "_path": "lib/python3.9/site-packages/cryptography/__pycache__/fernet.cpython-39.pyc",
        "path_type": "hardlink",
        "sha256": "66271d7ffcdddd03ce5e15a1e1638cafb4ac008bb56e090b9739577158054778",
        "sha256_in_prefix": "66271d7ffcdddd03ce5e15a1e1638cafb4ac008bb56e090b9739577158054778",
        "size_in_bytes": 6459
      },
      {
        "_path": "lib/python3.9/site-packages/cryptography/__pycache__/utils.cpython-39.pyc",
        "path_type": "hardlink",
        "sha256": "18a0f1dfd415efe0e4acd94a74918607ceff53d4882dadae806518246be150a2",
        "sha256_in_prefix": "18a0f1dfd415efe0e4acd94a74918607ceff53d4882dadae806518246be150a2",
        "size_in_bytes": 5460
      },
      {
        "_path": "lib/python3.9/site-packages/cryptography/exceptions.py",
        "path_type": "hardlink",
        "sha256": "5b6e63c3cd116802f434ea6966de3cc752d29a0a9a66a00e6d3b541315828779",
        "sha256_in_prefix": "5b6e63c3cd116802f434ea6966de3cc752d29a0a9a66a00e6d3b541315828779",
        "size_in_bytes": 1194
      },
      {
        "_path": "lib/python3.9/site-packages/cryptography/fernet.py",
        "path_type": "hardlink",
        "sha256": "2a7fdddf3e5816714fdadf696d7f70a6c9bb9ef96b63ba0a3b75cbb6176cb668",
        "sha256_in_prefix": "2a7fdddf3e5816714fdadf696d7f70a6c9bb9ef96b63ba0a3b75cbb6176cb668",
        "size_in_bytes": 6538
      },
      {
        "_path": "lib/python3.9/site-packages/cryptography/hazmat/__init__.py",
        "path_type": "hardlink",
        "sha256": "39896f829af350bcd996c7f7c984ec77a554572426a6c6c78e025d367b324701",
        "sha256_in_prefix": "39896f829af350bcd996c7f7c984ec77a554572426a6c6c78e025d367b324701",
        "size_in_bytes": 418
      },
      {
        "_path": "lib/python3.9/site-packages/cryptography/hazmat/__pycache__/__init__.cpython-39.pyc",
        "path_type": "hardlink",
        "sha256": "fed556e2df1c221b5cd2f31dc9f4f06fbb10e6b3540cfc0f0913eeeeb91f1ed7",
        "sha256_in_prefix": "fed556e2df1c221b5cd2f31dc9f4f06fbb10e6b3540cfc0f0913eeeeb91f1ed7",
        "size_in_bytes": 393
      },
      {
        "_path": "lib/python3.9/site-packages/cryptography/hazmat/__pycache__/_der.cpython-39.pyc",
        "path_type": "hardlink",
        "sha256": "2179e2dce8daaebc87bc2cec3711f9908ee61b267c323f910e33de34bf43e34e",
        "sha256_in_prefix": "2179e2dce8daaebc87bc2cec3711f9908ee61b267c323f910e33de34bf43e34e",
        "size_in_bytes": 4392
      },
      {
        "_path": "lib/python3.9/site-packages/cryptography/hazmat/__pycache__/_oid.cpython-39.pyc",
        "path_type": "hardlink",
        "sha256": "84d4f0bcf68dd8dbddc761319380f5d81330f1816cd4819e2b26570e90f76e25",
        "sha256_in_prefix": "84d4f0bcf68dd8dbddc761319380f5d81330f1816cd4819e2b26570e90f76e25",
        "size_in_bytes": 2074
      },
      {
        "_path": "lib/python3.9/site-packages/cryptography/hazmat/__pycache__/_types.cpython-39.pyc",
        "path_type": "hardlink",
        "sha256": "6479a195ebe8f2c50324dfc41572300e5b6417ed9b918827d28998e95fdac4a0",
        "sha256_in_prefix": "6479a195ebe8f2c50324dfc41572300e5b6417ed9b918827d28998e95fdac4a0",
        "size_in_bytes": 611
      },
      {
        "_path": "lib/python3.9/site-packages/cryptography/hazmat/_der.py",
        "path_type": "hardlink",
        "sha256": "d4a7f89f029152de7a2a91b76bd21d827d1815e51c9d879ca0deb4a79a1945c0",
        "sha256_in_prefix": "d4a7f89f029152de7a2a91b76bd21d827d1815e51c9d879ca0deb4a79a1945c0",
        "size_in_bytes": 5221
      },
      {
        "_path": "lib/python3.9/site-packages/cryptography/hazmat/_oid.py",
        "path_type": "hardlink",
        "sha256": "195b32ce2012cc855c9c03ff0bb771e1ccde23f54871c62ef46355d37ad68c8d",
        "sha256_in_prefix": "195b32ce2012cc855c9c03ff0bb771e1ccde23f54871c62ef46355d37ad68c8d",
        "size_in_bytes": 2372
      },
      {
        "_path": "lib/python3.9/site-packages/cryptography/hazmat/_types.py",
        "path_type": "hardlink",
        "sha256": "4d677943fa52fe20cea1474fdccad86cd6cfc3033685274e361ef6df4781cada",
        "sha256_in_prefix": "4d677943fa52fe20cea1474fdccad86cd6cfc3033685274e361ef6df4781cada",
        "size_in_bytes": 646
      },
      {
        "_path": "lib/python3.9/site-packages/cryptography/hazmat/backends/__init__.py",
        "path_type": "hardlink",
        "sha256": "4ad56ad165836c64f1d27b2a33155c951129198a788f8ebb9be93cef1b834116",
        "sha256_in_prefix": "4ad56ad165836c64f1d27b2a33155c951129198a788f8ebb9be93cef1b834116",
        "size_in_bytes": 576
      },
      {
        "_path": "lib/python3.9/site-packages/cryptography/hazmat/backends/__pycache__/__init__.cpython-39.pyc",
        "path_type": "hardlink",
        "sha256": "02c66ddf3500fb881477380f84d0dddecea7b81215db25304794b77860dee78f",
        "sha256_in_prefix": "02c66ddf3500fb881477380f84d0dddecea7b81215db25304794b77860dee78f",
        "size_in_bytes": 580
      },
      {
        "_path": "lib/python3.9/site-packages/cryptography/hazmat/backends/__pycache__/interfaces.cpython-39.pyc",
        "path_type": "hardlink",
        "sha256": "3d1dc41fbe5b22da7ec33634ebf06d2e8c8dbc4bab7c0cab5d8e8d54977b6de9",
        "sha256_in_prefix": "3d1dc41fbe5b22da7ec33634ebf06d2e8c8dbc4bab7c0cab5d8e8d54977b6de9",
        "size_in_bytes": 16048
      },
      {
        "_path": "lib/python3.9/site-packages/cryptography/hazmat/backends/interfaces.py",
        "path_type": "hardlink",
        "sha256": "eff3c1e99a7171184f497ad972c78ecb5bbd9d071d6fa8d7a607ff1439623d05",
        "sha256_in_prefix": "eff3c1e99a7171184f497ad972c78ecb5bbd9d071d6fa8d7a607ff1439623d05",
        "size_in_bytes": 10472
      },
      {
        "_path": "lib/python3.9/site-packages/cryptography/hazmat/backends/openssl/__init__.py",
        "path_type": "hardlink",
        "sha256": "eeba73d59dde57dbd9cbf77688baf00bc3b3d2f12bb8316b8c995ce96d990d70",
        "sha256_in_prefix": "eeba73d59dde57dbd9cbf77688baf00bc3b3d2f12bb8316b8c995ce96d990d70",
        "size_in_bytes": 271
      },
      {
        "_path": "lib/python3.9/site-packages/cryptography/hazmat/backends/openssl/__pycache__/__init__.cpython-39.pyc",
        "path_type": "hardlink",
        "sha256": "ed6299bd1e2bda51bc90e11b064e5ead96b5ebdb9aa1a48bbb2ae0524b91ff10",
        "sha256_in_prefix": "ed6299bd1e2bda51bc90e11b064e5ead96b5ebdb9aa1a48bbb2ae0524b91ff10",
        "size_in_bytes": 265
      },
      {
        "_path": "lib/python3.9/site-packages/cryptography/hazmat/backends/openssl/__pycache__/aead.cpython-39.pyc",
        "path_type": "hardlink",
        "sha256": "e16efb63e9dabcc1f26f7da918a88db4d24a77f918c7255190637239ff0d2ece",
        "sha256_in_prefix": "e16efb63e9dabcc1f26f7da918a88db4d24a77f918c7255190637239ff0d2ece",
        "size_in_bytes": 3695
      },
      {
        "_path": "lib/python3.9/site-packages/cryptography/hazmat/backends/openssl/__pycache__/backend.cpython-39.pyc",
        "path_type": "hardlink",
        "sha256": "3ad34bc17eeb2946aab6e0c1973afc98409776a1dbbf1f787cff728f742c24b4",
        "sha256_in_prefix": "3ad34bc17eeb2946aab6e0c1973afc98409776a1dbbf1f787cff728f742c24b4",
        "size_in_bytes": 71739
      },
      {
        "_path": "lib/python3.9/site-packages/cryptography/hazmat/backends/openssl/__pycache__/ciphers.cpython-39.pyc",
        "path_type": "hardlink",
        "sha256": "de4ac6e018652ec61b8c2734fc61e8bdf0ac3f3ba8a684f3fb15a726b4260ca4",
        "sha256_in_prefix": "de4ac6e018652ec61b8c2734fc61e8bdf0ac3f3ba8a684f3fb15a726b4260ca4",
        "size_in_bytes": 5509
      },
      {
        "_path": "lib/python3.9/site-packages/cryptography/hazmat/backends/openssl/__pycache__/cmac.cpython-39.pyc",
        "path_type": "hardlink",
        "sha256": "4ff2f2a466bc235bdee4967cb0158620255865e1e197162120b2abd3ac152493",
        "sha256_in_prefix": "4ff2f2a466bc235bdee4967cb0158620255865e1e197162120b2abd3ac152493",
        "size_in_bytes": 2579
      },
      {
        "_path": "lib/python3.9/site-packages/cryptography/hazmat/backends/openssl/__pycache__/decode_asn1.cpython-39.pyc",
        "path_type": "hardlink",
        "sha256": "99004b5a0e09902c08cf3adb102cf70ae66745c37beca4b08d8a7cff05812003",
        "sha256_in_prefix": "99004b5a0e09902c08cf3adb102cf70ae66745c37beca4b08d8a7cff05812003",
        "size_in_bytes": 21736
      },
      {
        "_path": "lib/python3.9/site-packages/cryptography/hazmat/backends/openssl/__pycache__/dh.cpython-39.pyc",
        "path_type": "hardlink",
        "sha256": "7a69bebfc2ffdfb0a5b2a24ff183c7f42d21f32260d7f10c32779b868a9dad8a",
        "sha256_in_prefix": "7a69bebfc2ffdfb0a5b2a24ff183c7f42d21f32260d7f10c32779b868a9dad8a",
        "size_in_bytes": 7922
      },
      {
        "_path": "lib/python3.9/site-packages/cryptography/hazmat/backends/openssl/__pycache__/dsa.cpython-39.pyc",
        "path_type": "hardlink",
        "sha256": "8e8290a30d028656725deb017c45ddb106d68262d44dbc604e139cfb33093e6b",
        "sha256_in_prefix": "8e8290a30d028656725deb017c45ddb106d68262d44dbc604e139cfb33093e6b",
        "size_in_bytes": 8951
      },
      {
        "_path": "lib/python3.9/site-packages/cryptography/hazmat/backends/openssl/__pycache__/ec.cpython-39.pyc",
        "path_type": "hardlink",
        "sha256": "426585c34dfbe28a4e32a3058acfd994f7a1c6a1304f0f3c1afac928b290f342",
        "sha256_in_prefix": "426585c34dfbe28a4e32a3058acfd994f7a1c6a1304f0f3c1afac928b290f342",
        "size_in_bytes": 10842
      },
      {
        "_path": "lib/python3.9/site-packages/cryptography/hazmat/backends/openssl/__pycache__/ed25519.cpython-39.pyc",
        "path_type": "hardlink",
        "sha256": "a09acd65b19bd573f57baebf7105debe1daa70157d7ba8799d88c44691279b74",
        "sha256_in_prefix": "a09acd65b19bd573f57baebf7105debe1daa70157d7ba8799d88c44691279b74",
        "size_in_bytes": 4388
      },
      {
        "_path": "lib/python3.9/site-packages/cryptography/hazmat/backends/openssl/__pycache__/ed448.cpython-39.pyc",
        "path_type": "hardlink",
        "sha256": "4ff14b8e8ec332ceeaa30468a434ed76ab70c2c71fecfa1088b94b68b3ed52ff",
        "sha256_in_prefix": "4ff14b8e8ec332ceeaa30468a434ed76ab70c2c71fecfa1088b94b68b3ed52ff",
        "size_in_bytes": 4356
      },
      {
        "_path": "lib/python3.9/site-packages/cryptography/hazmat/backends/openssl/__pycache__/encode_asn1.cpython-39.pyc",
        "path_type": "hardlink",
        "sha256": "89855d1190b05c71849a6ae522d4c800f6fab23dec07a4f45217a5643db7d8c8",
        "sha256_in_prefix": "89855d1190b05c71849a6ae522d4c800f6fab23dec07a4f45217a5643db7d8c8",
        "size_in_bytes": 17268
      },
      {
        "_path": "lib/python3.9/site-packages/cryptography/hazmat/backends/openssl/__pycache__/hashes.cpython-39.pyc",
        "path_type": "hardlink",
        "sha256": "424c268aa825e1a1828a60e7fcc3b3cc5dd908fad8c9fbb58ee415f72971e55a",
        "sha256_in_prefix": "424c268aa825e1a1828a60e7fcc3b3cc5dd908fad8c9fbb58ee415f72971e55a",
        "size_in_bytes": 2612
      },
      {
        "_path": "lib/python3.9/site-packages/cryptography/hazmat/backends/openssl/__pycache__/hmac.cpython-39.pyc",
        "path_type": "hardlink",
        "sha256": "8d18b4fcefcf9ad73e9615a79cac4f17efbbdd2f99672df2038042082b9c8f47",
        "sha256_in_prefix": "8d18b4fcefcf9ad73e9615a79cac4f17efbbdd2f99672df2038042082b9c8f47",
        "size_in_bytes": 2612
      },
      {
        "_path": "lib/python3.9/site-packages/cryptography/hazmat/backends/openssl/__pycache__/ocsp.cpython-39.pyc",
        "path_type": "hardlink",
        "sha256": "4018fbca6e23549598ba9afca90d6c8690f26ac490ea864769a2163656d0c077",
        "sha256_in_prefix": "4018fbca6e23549598ba9afca90d6c8690f26ac490ea864769a2163656d0c077",
        "size_in_bytes": 12113
      },
      {
        "_path": "lib/python3.9/site-packages/cryptography/hazmat/backends/openssl/__pycache__/poly1305.cpython-39.pyc",
        "path_type": "hardlink",
        "sha256": "e87b894e093a4ebc39be091aefffa80f2b96f4d7caaa6384a5f3cf01b53a317b",
        "sha256_in_prefix": "e87b894e093a4ebc39be091aefffa80f2b96f4d7caaa6384a5f3cf01b53a317b",
        "size_in_bytes": 2011
      },
      {
        "_path": "lib/python3.9/site-packages/cryptography/hazmat/backends/openssl/__pycache__/rsa.cpython-39.pyc",
        "path_type": "hardlink",
        "sha256": "c9f03da779c09141dff228368e531068236d9bc2c2ff1593952a8ac5327f55ff",
        "sha256_in_prefix": "c9f03da779c09141dff228368e531068236d9bc2c2ff1593952a8ac5327f55ff",
        "size_in_bytes": 13691
      },
      {
        "_path": "lib/python3.9/site-packages/cryptography/hazmat/backends/openssl/__pycache__/utils.cpython-39.pyc",
        "path_type": "hardlink",
        "sha256": "a37681368efed61ec53511532b0ed64e8f4d43200179c65315761eefbf96884e",
        "sha256_in_prefix": "a37681368efed61ec53511532b0ed64e8f4d43200179c65315761eefbf96884e",
        "size_in_bytes": 2073
      },
      {
        "_path": "lib/python3.9/site-packages/cryptography/hazmat/backends/openssl/__pycache__/x25519.cpython-39.pyc",
        "path_type": "hardlink",
        "sha256": "9acd96c077b94e5a7b66a7101f56e061537e7a2ddd1d02b765894cc870563bb0",
        "sha256_in_prefix": "9acd96c077b94e5a7b66a7101f56e061537e7a2ddd1d02b765894cc870563bb0",
        "size_in_bytes": 3680
      },
      {
        "_path": "lib/python3.9/site-packages/cryptography/hazmat/backends/openssl/__pycache__/x448.cpython-39.pyc",
        "path_type": "hardlink",
        "sha256": "5f19d03b3647213866494541fbea847fdb83d427c1205e1613900922a5822451",
        "sha256_in_prefix": "5f19d03b3647213866494541fbea847fdb83d427c1205e1613900922a5822451",
        "size_in_bytes": 3456
      },
      {
        "_path": "lib/python3.9/site-packages/cryptography/hazmat/backends/openssl/__pycache__/x509.cpython-39.pyc",
        "path_type": "hardlink",
        "sha256": "0e87ae5119e9b4c5fbd4f6a7c699272118bda5f0d41e6638573de966953f9e51",
        "sha256_in_prefix": "0e87ae5119e9b4c5fbd4f6a7c699272118bda5f0d41e6638573de966953f9e51",
        "size_in_bytes": 21854
      },
      {
        "_path": "lib/python3.9/site-packages/cryptography/hazmat/backends/openssl/aead.py",
        "path_type": "hardlink",
        "sha256": "cedf1943e25eb611db95611fc009c1e7ed3d2482fd2bca94d4d5f03d38de5580",
        "sha256_in_prefix": "cedf1943e25eb611db95611fc009c1e7ed3d2482fd2bca94d4d5f03d38de5580",
        "size_in_bytes": 5700
      },
      {
        "_path": "lib/python3.9/site-packages/cryptography/hazmat/backends/openssl/backend.py",
        "path_type": "hardlink",
        "sha256": "1c2f9df37654aeedd9d7543b5278c5ba4a3c269f991070a3ce4a6870911f72d3",
        "sha256_in_prefix": "1c2f9df37654aeedd9d7543b5278c5ba4a3c269f991070a3ce4a6870911f72d3",
        "size_in_bytes": 105287
      },
      {
        "_path": "lib/python3.9/site-packages/cryptography/hazmat/backends/openssl/ciphers.py",
        "path_type": "hardlink",
        "sha256": "7d49f90cbadb848feea4b28cbd4d1a5f6fc09f574e5fc4f5e0f81d65766bea15",
        "sha256_in_prefix": "7d49f90cbadb848feea4b28cbd4d1a5f6fc09f574e5fc4f5e0f81d65766bea15",
        "size_in_bytes": 8611
      },
      {
        "_path": "lib/python3.9/site-packages/cryptography/hazmat/backends/openssl/cmac.py",
        "path_type": "hardlink",
        "sha256": "2977301755e5634130eac4c1a8f8f4235bebeb675f3300a3795dea068b08c3cb",
        "sha256_in_prefix": "2977301755e5634130eac4c1a8f8f4235bebeb675f3300a3795dea068b08c3cb",
        "size_in_bytes": 2846
      },
      {
        "_path": "lib/python3.9/site-packages/cryptography/hazmat/backends/openssl/decode_asn1.py",
        "path_type": "hardlink",
        "sha256": "f6ce765f40c1b58e3348cd3e9cfcdeec0ee7868dda3399c26d16b94f86c2bc45",
        "sha256_in_prefix": "f6ce765f40c1b58e3348cd3e9cfcdeec0ee7868dda3399c26d16b94f86c2bc45",
        "size_in_bytes": 32254
      },
      {
        "_path": "lib/python3.9/site-packages/cryptography/hazmat/backends/openssl/dh.py",
        "path_type": "hardlink",
        "sha256": "7153c0fcf293e01953e0ebc78899b96480e6c4d7970675b2d8ccb8bb3f30629a",
        "sha256_in_prefix": "7153c0fcf293e01953e0ebc78899b96480e6c4d7970675b2d8ccb8bb3f30629a",
        "size_in_bytes": 10565
      },
      {
        "_path": "lib/python3.9/site-packages/cryptography/hazmat/backends/openssl/dsa.py",
        "path_type": "hardlink",
        "sha256": "7b25b3729660809b872c3e14dc5f7e9de2f252a22810dd0c0224b03c8704c362",
        "sha256_in_prefix": "7b25b3729660809b872c3e14dc5f7e9de2f252a22810dd0c0224b03c8704c362",
        "size_in_bytes": 10684
      },
      {
        "_path": "lib/python3.9/site-packages/cryptography/hazmat/backends/openssl/ec.py",
        "path_type": "hardlink",
        "sha256": "00e2899ed0c7d3ebd1087fc1aae1e20bc46990ce04345bf9d3d217ecccaea278",
        "sha256_in_prefix": "00e2899ed0c7d3ebd1087fc1aae1e20bc46990ce04345bf9d3d217ecccaea278",
        "size_in_bytes": 13371
      },
      {
        "_path": "lib/python3.9/site-packages/cryptography/hazmat/backends/openssl/ed25519.py",
        "path_type": "hardlink",
        "sha256": "6d294c7c979d468cb3657a0979a7a18ffd07fe3e987b976840782789beb4dbe4",
        "sha256_in_prefix": "6d294c7c979d468cb3657a0979a7a18ffd07fe3e987b976840782789beb4dbe4",
        "size_in_bytes": 5789
      },
      {
        "_path": "lib/python3.9/site-packages/cryptography/hazmat/backends/openssl/ed448.py",
        "path_type": "hardlink",
        "sha256": "76925fd73b7fa3cbdf55c5d88bf3c3f1df47fa305b604a7e77a6486032a50b5b",
        "sha256_in_prefix": "76925fd73b7fa3cbdf55c5d88bf3c3f1df47fa305b604a7e77a6486032a50b5b",
        "size_in_bytes": 5743
      },
      {
        "_path": "lib/python3.9/site-packages/cryptography/hazmat/backends/openssl/encode_asn1.py",
        "path_type": "hardlink",
        "sha256": "6a24da8573d65681be7bfd1af1a4a513e388a2ca13eb4e4ffd22993a907e9893",
        "sha256_in_prefix": "6a24da8573d65681be7bfd1af1a4a513e388a2ca13eb4e4ffd22993a907e9893",
        "size_in_bytes": 23988
      },
      {
        "_path": "lib/python3.9/site-packages/cryptography/hazmat/backends/openssl/hashes.py",
        "path_type": "hardlink",
        "sha256": "fd765cde09727550fcf1ed2aa07aaf3ae43fd317e5dacab4cb07d9178747f75b",
        "sha256_in_prefix": "fd765cde09727550fcf1ed2aa07aaf3ae43fd317e5dacab4cb07d9178747f75b",
        "size_in_bytes": 3090
      },
      {
        "_path": "lib/python3.9/site-packages/cryptography/hazmat/backends/openssl/hmac.py",
        "path_type": "hardlink",
        "sha256": "013cfeaf34a31a24632fdfc8e562513b747b4028ae8ddd22ccda98aea3c01ec0",
        "sha256_in_prefix": "013cfeaf34a31a24632fdfc8e562513b747b4028ae8ddd22ccda98aea3c01ec0",
        "size_in_bytes": 2933
      },
      {
        "_path": "lib/python3.9/site-packages/cryptography/hazmat/backends/openssl/ocsp.py",
        "path_type": "hardlink",
        "sha256": "a55e09b36b7239c64f75e78d8c597cdf908e8b6d34c914edfb43d4c7d3111a56",
        "sha256_in_prefix": "a55e09b36b7239c64f75e78d8c597cdf908e8b6d34c914edfb43d4c7d3111a56",
        "size_in_bytes": 14617
      },
      {
        "_path": "lib/python3.9/site-packages/cryptography/hazmat/backends/openssl/poly1305.py",
        "path_type": "hardlink",
        "sha256": "d2124301be2997d749ff6c60b7e5e435fc8503a53f2055c27b98f33a0ee0906d",
        "sha256_in_prefix": "d2124301be2997d749ff6c60b7e5e435fc8503a53f2055c27b98f33a0ee0906d",
        "size_in_bytes": 2327
      },
      {
        "_path": "lib/python3.9/site-packages/cryptography/hazmat/backends/openssl/rsa.py",
        "path_type": "hardlink",
        "sha256": "dc66978e1de3d8bc0ae227704877daab154c8610cf29fb70f027ab243c912e64",
        "sha256_in_prefix": "dc66978e1de3d8bc0ae227704877daab154c8610cf29fb70f027ab243c912e64",
        "size_in_bytes": 20919
      },
      {
        "_path": "lib/python3.9/site-packages/cryptography/hazmat/backends/openssl/utils.py",
        "path_type": "hardlink",
        "sha256": "9378bf0115ec3ef19312d5146e75a483d0a488980f3f86345534cbb4e1331265",
        "sha256_in_prefix": "9378bf0115ec3ef19312d5146e75a483d0a488980f3f86345534cbb4e1331265",
        "size_in_bytes": 2283
      },
      {
        "_path": "lib/python3.9/site-packages/cryptography/hazmat/backends/openssl/x25519.py",
        "path_type": "hardlink",
        "sha256": "9029d6cee721ac99f53677b8cdea2d2af96432dcbda7756e33ccb5116a3bd2f4",
        "sha256_in_prefix": "9029d6cee721ac99f53677b8cdea2d2af96432dcbda7756e33ccb5116a3bd2f4",
        "size_in_bytes": 4622
      },
      {
        "_path": "lib/python3.9/site-packages/cryptography/hazmat/backends/openssl/x448.py",
        "path_type": "hardlink",
        "sha256": "f0e29830d5c347b525562537b0d207e6a98b3063fb27e17739e11a44ad1aa2db",
        "sha256_in_prefix": "f0e29830d5c347b525562537b0d207e6a98b3063fb27e17739e11a44ad1aa2db",
        "size_in_bytes": 4141
      },
      {
        "_path": "lib/python3.9/site-packages/cryptography/hazmat/backends/openssl/x509.py",
        "path_type": "hardlink",
        "sha256": "99b8897d0ad3bbf1b78edb58fc55d166fa99f3092388770c88fb0f970547c8e8",
        "sha256_in_prefix": "99b8897d0ad3bbf1b78edb58fc55d166fa99f3092388770c88fb0f970547c8e8",
        "size_in_bytes": 22831
      },
      {
        "_path": "lib/python3.9/site-packages/cryptography/hazmat/bindings/__init__.py",
        "path_type": "hardlink",
        "sha256": "b3da0a090db2705757a0445d4b58a669fb9e4a406c2fd92f6f27e085a6ae67d6",
        "sha256_in_prefix": "b3da0a090db2705757a0445d4b58a669fb9e4a406c2fd92f6f27e085a6ae67d6",
        "size_in_bytes": 180
      },
      {
        "_path": "lib/python3.9/site-packages/cryptography/hazmat/bindings/__pycache__/__init__.cpython-39.pyc",
        "path_type": "hardlink",
        "sha256": "27e3c990aa31ee62cf4d2b1d5284d814edec393e0763fed5e69b3de1629e3311",
        "sha256_in_prefix": "27e3c990aa31ee62cf4d2b1d5284d814edec393e0763fed5e69b3de1629e3311",
        "size_in_bytes": 159
      },
      {
        "_path": "lib/python3.9/site-packages/cryptography/hazmat/bindings/_openssl.abi3.so",
        "path_type": "hardlink",
        "sha256": "8dc621b64a7c8bf8d5f8e24268d1731c96929953513baa8735cdbadb4c4aec9f",
        "sha256_in_prefix": "8dc621b64a7c8bf8d5f8e24268d1731c96929953513baa8735cdbadb4c4aec9f",
        "size_in_bytes": 921048
      },
      {
        "_path": "lib/python3.9/site-packages/cryptography/hazmat/bindings/_padding.abi3.so",
        "path_type": "hardlink",
        "sha256": "f928f061d17605e0f1a7e18cc0fdd5aba4bca5d867e1b391f46722babdaa186e",
        "sha256_in_prefix": "f928f061d17605e0f1a7e18cc0fdd5aba4bca5d867e1b391f46722babdaa186e",
        "size_in_bytes": 17384
      },
      {
        "_path": "lib/python3.9/site-packages/cryptography/hazmat/bindings/_rust.abi3.so",
        "path_type": "hardlink",
        "sha256": "bdc896ad0ef409bd6ba355c6cb654f3695dad452a3c3805d7cf63c056c50bce9",
        "sha256_in_prefix": "bdc896ad0ef409bd6ba355c6cb654f3695dad452a3c3805d7cf63c056c50bce9",
        "size_in_bytes": 1164928
      },
      {
        "_path": "lib/python3.9/site-packages/cryptography/hazmat/bindings/openssl/__init__.py",
        "path_type": "hardlink",
        "sha256": "b3da0a090db2705757a0445d4b58a669fb9e4a406c2fd92f6f27e085a6ae67d6",
        "sha256_in_prefix": "b3da0a090db2705757a0445d4b58a669fb9e4a406c2fd92f6f27e085a6ae67d6",
        "size_in_bytes": 180
      },
      {
        "_path": "lib/python3.9/site-packages/cryptography/hazmat/bindings/openssl/__pycache__/__init__.cpython-39.pyc",
        "path_type": "hardlink",
        "sha256": "be23f02a86762ca862c1f1b3203d55acfb608ef9e3b6529e154bf7579ece3ed4",
        "sha256_in_prefix": "be23f02a86762ca862c1f1b3203d55acfb608ef9e3b6529e154bf7579ece3ed4",
        "size_in_bytes": 167
      },
      {
        "_path": "lib/python3.9/site-packages/cryptography/hazmat/bindings/openssl/__pycache__/_conditional.cpython-39.pyc",
        "path_type": "hardlink",
        "sha256": "f2adb6141794565b70de3b3f268f43366a6bb6ce32e2c33f0f561813af7e168d",
        "sha256_in_prefix": "f2adb6141794565b70de3b3f268f43366a6bb6ce32e2c33f0f561813af7e168d",
        "size_in_bytes": 8040
      },
      {
        "_path": "lib/python3.9/site-packages/cryptography/hazmat/bindings/openssl/__pycache__/binding.cpython-39.pyc",
        "path_type": "hardlink",
        "sha256": "d6690b9e23bbfc95ba8d5972673d53820b6282205f3d8f09e8fcb8719b10c132",
        "sha256_in_prefix": "d6690b9e23bbfc95ba8d5972673d53820b6282205f3d8f09e8fcb8719b10c132",
        "size_in_bytes": 4915
      },
      {
        "_path": "lib/python3.9/site-packages/cryptography/hazmat/bindings/openssl/_conditional.py",
        "path_type": "hardlink",
        "sha256": "db2670fc49326bf18a29650ccd46e3df262b2c5650369ae85f1d4de072fb4db5",
        "sha256_in_prefix": "db2670fc49326bf18a29650ccd46e3df262b2c5650369ae85f1d4de072fb4db5",
        "size_in_bytes": 8251
      },
      {
        "_path": "lib/python3.9/site-packages/cryptography/hazmat/bindings/openssl/binding.py",
        "path_type": "hardlink",
        "sha256": "988c272f77c80b2c0e2edfa25d922fc368a349a388bdd62cd4bc24d8551cc58b",
        "sha256_in_prefix": "988c272f77c80b2c0e2edfa25d922fc368a349a388bdd62cd4bc24d8551cc58b",
        "size_in_bytes": 5812
      },
      {
        "_path": "lib/python3.9/site-packages/cryptography/hazmat/primitives/__init__.py",
        "path_type": "hardlink",
        "sha256": "b3da0a090db2705757a0445d4b58a669fb9e4a406c2fd92f6f27e085a6ae67d6",
        "sha256_in_prefix": "b3da0a090db2705757a0445d4b58a669fb9e4a406c2fd92f6f27e085a6ae67d6",
        "size_in_bytes": 180
      },
      {
        "_path": "lib/python3.9/site-packages/cryptography/hazmat/primitives/__pycache__/__init__.cpython-39.pyc",
        "path_type": "hardlink",
        "sha256": "d25b5dfcd31e8ef774e7ccc4e9cc898b64b369d272355829a65c3ed8525ae7be",
        "sha256_in_prefix": "d25b5dfcd31e8ef774e7ccc4e9cc898b64b369d272355829a65c3ed8525ae7be",
        "size_in_bytes": 161
      },
      {
        "_path": "lib/python3.9/site-packages/cryptography/hazmat/primitives/__pycache__/_asymmetric.cpython-39.pyc",
        "path_type": "hardlink",
        "sha256": "5f1a5990f445e3a6aabaa76887bd79ad6f857238b93c75b974a25c386642019d",
        "sha256_in_prefix": "5f1a5990f445e3a6aabaa76887bd79ad6f857238b93c75b974a25c386642019d",
        "size_in_bytes": 613
      },
      {
        "_path": "lib/python3.9/site-packages/cryptography/hazmat/primitives/__pycache__/_cipheralgorithm.cpython-39.pyc",
        "path_type": "hardlink",
        "sha256": "e55a31e21aeb77d4f7f3256b04d6c47aff7352a120e135178cf592eb145c15f2",
        "sha256_in_prefix": "e55a31e21aeb77d4f7f3256b04d6c47aff7352a120e135178cf592eb145c15f2",
        "size_in_bytes": 1482
      },
      {
        "_path": "lib/python3.9/site-packages/cryptography/hazmat/primitives/__pycache__/_serialization.cpython-39.pyc",
        "path_type": "hardlink",
        "sha256": "50408b41190aeea6381d04c672ce301d54fae09c0f3c744c8b3a3ab21683820e",
        "sha256_in_prefix": "50408b41190aeea6381d04c672ce301d54fae09c0f3c744c8b3a3ab21683820e",
        "size_in_bytes": 1961
      },
      {
        "_path": "lib/python3.9/site-packages/cryptography/hazmat/primitives/__pycache__/cmac.cpython-39.pyc",
        "path_type": "hardlink",
        "sha256": "8132fa0cb91edcd8b2eca154895d52d40079bb95c91663a0f14b0220aa191212",
        "sha256_in_prefix": "8132fa0cb91edcd8b2eca154895d52d40079bb95c91663a0f14b0220aa191212",
        "size_in_bytes": 2103
      },
      {
        "_path": "lib/python3.9/site-packages/cryptography/hazmat/primitives/__pycache__/constant_time.cpython-39.pyc",
        "path_type": "hardlink",
        "sha256": "6d19425431f2da6811c524226b0f51c6bb9c1bb7e6e49f10a6b68894303c276b",
        "sha256_in_prefix": "6d19425431f2da6811c524226b0f51c6bb9c1bb7e6e49f10a6b68894303c276b",
        "size_in_bytes": 441
      },
      {
        "_path": "lib/python3.9/site-packages/cryptography/hazmat/primitives/__pycache__/hashes.cpython-39.pyc",
        "path_type": "hardlink",
        "sha256": "a7ea960ee3ecc1d3dcb078b93275af2dff75d88f8e1baca06978c978cfc641b8",
        "sha256_in_prefix": "a7ea960ee3ecc1d3dcb078b93275af2dff75d88f8e1baca06978c978cfc641b8",
        "size_in_bytes": 7582
      },
      {
        "_path": "lib/python3.9/site-packages/cryptography/hazmat/primitives/__pycache__/hmac.cpython-39.pyc",
        "path_type": "hardlink",
        "sha256": "5b8812a9802b75bd6af9d12b3614a4abf5420ecabb971ce7cf0415fb0af8b4b0",
        "sha256_in_prefix": "5b8812a9802b75bd6af9d12b3614a4abf5420ecabb971ce7cf0415fb0af8b4b0",
        "size_in_bytes": 2214
      },
      {
        "_path": "lib/python3.9/site-packages/cryptography/hazmat/primitives/__pycache__/keywrap.cpython-39.pyc",
        "path_type": "hardlink",
        "sha256": "d17980f8232a466bb138cb43b436d20eaf114bbc8627f872b7fff2bbab20a97c",
        "sha256_in_prefix": "d17980f8232a466bb138cb43b436d20eaf114bbc8627f872b7fff2bbab20a97c",
        "size_in_bytes": 4686
      },
      {
        "_path": "lib/python3.9/site-packages/cryptography/hazmat/primitives/__pycache__/padding.cpython-39.pyc",
        "path_type": "hardlink",
        "sha256": "09d16a88f879f91da7955a93ca1abd6ba2fb3b65a66542174e9aa29221851eb2",
        "sha256_in_prefix": "09d16a88f879f91da7955a93ca1abd6ba2fb3b65a66542174e9aa29221851eb2",
        "size_in_bytes": 7000
      },
      {
        "_path": "lib/python3.9/site-packages/cryptography/hazmat/primitives/__pycache__/poly1305.cpython-39.pyc",
        "path_type": "hardlink",
        "sha256": "6f6291056ee89434c054dcf2d92d326ab6963af98bc99c0c4314807fd02215a9",
        "sha256_in_prefix": "6f6291056ee89434c054dcf2d92d326ab6963af98bc99c0c4314807fd02215a9",
        "size_in_bytes": 2040
      },
      {
        "_path": "lib/python3.9/site-packages/cryptography/hazmat/primitives/_asymmetric.py",
        "path_type": "hardlink",
        "sha256": "9d52709b191a922ac05df169e35d290b8918fc28a7ccde45489c21127d88137e",
        "sha256_in_prefix": "9d52709b191a922ac05df169e35d290b8918fc28a7ccde45489c21127d88137e",
        "size_in_bytes": 485
      },
      {
        "_path": "lib/python3.9/site-packages/cryptography/hazmat/primitives/_cipheralgorithm.py",
        "path_type": "hardlink",
        "sha256": "b15f3e4a38616385ad1ec68b23b7b6c78a36718000a8ff185818e10ba935bb5d",
        "sha256_in_prefix": "b15f3e4a38616385ad1ec68b23b7b6c78a36718000a8ff185818e10ba935bb5d",
        "size_in_bytes": 1000
      },
      {
        "_path": "lib/python3.9/site-packages/cryptography/hazmat/primitives/_serialization.py",
        "path_type": "hardlink",
        "sha256": "9e5d60e3c446d7b4d685e80af162a50655eab8c69efe59944b38199c4a9dc1b5",
        "sha256_in_prefix": "9e5d60e3c446d7b4d685e80af162a50655eab8c69efe59944b38199c4a9dc1b5",
        "size_in_bytes": 1307
      },
      {
        "_path": "lib/python3.9/site-packages/cryptography/hazmat/primitives/asymmetric/__init__.py",
        "path_type": "hardlink",
        "sha256": "0f0b0faee9f6274d1d8a6a3b9aaef796511bf8ef8de2a68ec04c794b041b95e2",
        "sha256_in_prefix": "0f0b0faee9f6274d1d8a6a3b9aaef796511bf8ef8de2a68ec04c794b041b95e2",
        "size_in_bytes": 909
      },
      {
        "_path": "lib/python3.9/site-packages/cryptography/hazmat/primitives/asymmetric/__pycache__/__init__.cpython-39.pyc",
        "path_type": "hardlink",
        "sha256": "c3684da3e22e0f96d065467e3e4321cbf6fa1fe756ff977fe0e4822ed7738b2a",
        "sha256_in_prefix": "c3684da3e22e0f96d065467e3e4321cbf6fa1fe756ff977fe0e4822ed7738b2a",
        "size_in_bytes": 1426
      },
      {
        "_path": "lib/python3.9/site-packages/cryptography/hazmat/primitives/asymmetric/__pycache__/dh.cpython-39.pyc",
        "path_type": "hardlink",
        "sha256": "230ddf926edb6507bfb134500994204f42c4225342e2845e00ebd2e2a6b24a2c",
        "sha256_in_prefix": "230ddf926edb6507bfb134500994204f42c4225342e2845e00ebd2e2a6b24a2c",
        "size_in_bytes": 7582
      },
      {
        "_path": "lib/python3.9/site-packages/cryptography/hazmat/primitives/asymmetric/__pycache__/dsa.cpython-39.pyc",
        "path_type": "hardlink",
        "sha256": "0657e81de212eb14afd51d715455ef3d4a55be1c2c879b1b4961df39c968ddbc",
        "sha256_in_prefix": "0657e81de212eb14afd51d715455ef3d4a55be1c2c879b1b4961df39c968ddbc",
        "size_in_bytes": 9526
      },
      {
        "_path": "lib/python3.9/site-packages/cryptography/hazmat/primitives/asymmetric/__pycache__/ec.cpython-39.pyc",
        "path_type": "hardlink",
        "sha256": "9336616f0844e3685b0fd564423193aff2b2198aada34a3667ab6a3a2a57124b",
        "sha256_in_prefix": "9336616f0844e3685b0fd564423193aff2b2198aada34a3667ab6a3a2a57124b",
        "size_in_bytes": 15759
      },
      {
        "_path": "lib/python3.9/site-packages/cryptography/hazmat/primitives/asymmetric/__pycache__/ed25519.cpython-39.pyc",
        "path_type": "hardlink",
        "sha256": "848b69adfe5e790eeeca94845a9e80551093c6a501bf5d09b7893ec326b4fcc2",
        "sha256_in_prefix": "848b69adfe5e790eeeca94845a9e80551093c6a501bf5d09b7893ec326b4fcc2",
        "size_in_bytes": 2994
      },
      {
        "_path": "lib/python3.9/site-packages/cryptography/hazmat/primitives/asymmetric/__pycache__/ed448.cpython-39.pyc",
        "path_type": "hardlink",
        "sha256": "ef90fcbba6fdf40def00faac3bf8b78cbae37667aed4239000c6d687e9f82393",
        "sha256_in_prefix": "ef90fcbba6fdf40def00faac3bf8b78cbae37667aed4239000c6d687e9f82393",
        "size_in_bytes": 2893
      },
      {
        "_path": "lib/python3.9/site-packages/cryptography/hazmat/primitives/asymmetric/__pycache__/padding.cpython-39.pyc",
        "path_type": "hardlink",
        "sha256": "96eedb6d9052e2fbfe01d0262773293460ed79c359e982564564272e03c45d96",
        "sha256_in_prefix": "96eedb6d9052e2fbfe01d0262773293460ed79c359e982564564272e03c45d96",
        "size_in_bytes": 2425
      },
      {
        "_path": "lib/python3.9/site-packages/cryptography/hazmat/primitives/asymmetric/__pycache__/rsa.cpython-39.pyc",
        "path_type": "hardlink",
        "sha256": "edca16f713f45fe878334fb99393530b2c276acf5df2c78fcb61ab4335f92912",
        "sha256_in_prefix": "edca16f713f45fe878334fb99393530b2c276acf5df2c78fcb61ab4335f92912",
        "size_in_bytes": 11568
      },
      {
        "_path": "lib/python3.9/site-packages/cryptography/hazmat/primitives/asymmetric/__pycache__/utils.cpython-39.pyc",
        "path_type": "hardlink",
        "sha256": "0afa35b0d0c8ffe9eb863cfd8cdafb95d1d152f13de342b5a35c28fac869d743",
        "sha256_in_prefix": "0afa35b0d0c8ffe9eb863cfd8cdafb95d1d152f13de342b5a35c28fac869d743",
        "size_in_bytes": 1496
      },
      {
        "_path": "lib/python3.9/site-packages/cryptography/hazmat/primitives/asymmetric/__pycache__/x25519.cpython-39.pyc",
        "path_type": "hardlink",
        "sha256": "90506e161d16e0311f43a46ed7bb0c588eeedbdc84aa2c6ea281f281fee23e13",
        "sha256_in_prefix": "90506e161d16e0311f43a46ed7bb0c588eeedbdc84aa2c6ea281f281fee23e13",
        "size_in_bytes": 2731
      },
      {
        "_path": "lib/python3.9/site-packages/cryptography/hazmat/primitives/asymmetric/__pycache__/x448.cpython-39.pyc",
        "path_type": "hardlink",
        "sha256": "7db7310bfbf125ea20522c71645cdf5a43aa1ea04c0dee2611760705717961a7",
        "sha256_in_prefix": "7db7310bfbf125ea20522c71645cdf5a43aa1ea04c0dee2611760705717961a7",
        "size_in_bytes": 2699
      },
      {
        "_path": "lib/python3.9/site-packages/cryptography/hazmat/primitives/asymmetric/dh.py",
        "path_type": "hardlink",
        "sha256": "7723613123aa3cd3d5b95b6fa54355c0f88f1e47aa16b2b2ea56123d39f856a2",
        "sha256_in_prefix": "7723613123aa3cd3d5b95b6fa54355c0f88f1e47aa16b2b2ea56123d39f856a2",
        "size_in_bytes": 6303
      },
      {
        "_path": "lib/python3.9/site-packages/cryptography/hazmat/primitives/asymmetric/dsa.py",
        "path_type": "hardlink",
        "sha256": "4dd799c2726af0e0ea728adebb88ebd4b168158b7103fcffea6845f1d61ce588",
        "sha256_in_prefix": "4dd799c2726af0e0ea728adebb88ebd4b168158b7103fcffea6845f1d61ce588",
        "size_in_bytes": 8116
      },
      {
        "_path": "lib/python3.9/site-packages/cryptography/hazmat/primitives/asymmetric/ec.py",
        "path_type": "hardlink",
        "sha256": "d5ed08a45f126f3aca3db3c3e016136b339a56b5425cc778d3ac79873941dffd",
        "sha256_in_prefix": "d5ed08a45f126f3aca3db3c3e016136b339a56b5425cc778d3ac79873941dffd",
        "size_in_bytes": 14613
      },
      {
        "_path": "lib/python3.9/site-packages/cryptography/hazmat/primitives/asymmetric/ed25519.py",
        "path_type": "hardlink",
        "sha256": "438d9fd42a6796df544d27e1dbd4fcc5c74482235a896af65a2737b0bfde2679",
        "sha256_in_prefix": "438d9fd42a6796df544d27e1dbd4fcc5c74482235a896af65a2737b0bfde2679",
        "size_in_bytes": 2719
      },
      {
        "_path": "lib/python3.9/site-packages/cryptography/hazmat/primitives/asymmetric/ed448.py",
        "path_type": "hardlink",
        "sha256": "4a606c779a5fdd1689a15c444c801c5c2fc307a606b2b2543ab584d413f1dd3d",
        "sha256_in_prefix": "4a606c779a5fdd1689a15c444c801c5c2fc307a606b2b2543ab584d413f1dd3d",
        "size_in_bytes": 2630
      },
      {
        "_path": "lib/python3.9/site-packages/cryptography/hazmat/primitives/asymmetric/padding.py",
        "path_type": "hardlink",
        "sha256": "11376c4ed1d64844746664d6a0256758f906f70bc12311ad6a5f9eeb1c65d22e",
        "sha256_in_prefix": "11376c4ed1d64844746664d6a0256758f906f70bc12311ad6a5f9eeb1c65d22e",
        "size_in_bytes": 2115
      },
      {
        "_path": "lib/python3.9/site-packages/cryptography/hazmat/primitives/asymmetric/rsa.py",
        "path_type": "hardlink",
        "sha256": "124c6bd01fced8852b7b4930fe82222c936dc78e800ea0ba71aca98c8e9dff4c",
        "sha256_in_prefix": "124c6bd01fced8852b7b4930fe82222c936dc78e800ea0ba71aca98c8e9dff4c",
        "size_in_bytes": 12004
      },
      {
        "_path": "lib/python3.9/site-packages/cryptography/hazmat/primitives/asymmetric/utils.py",
        "path_type": "hardlink",
        "sha256": "a6b22a37e50173b45f3b314c80cf0e376b370d7f0cad77949541f52e7986f208",
        "sha256_in_prefix": "a6b22a37e50173b45f3b314c80cf0e376b370d7f0cad77949541f52e7986f208",
        "size_in_bytes": 1225
      },
      {
        "_path": "lib/python3.9/site-packages/cryptography/hazmat/primitives/asymmetric/x25519.py",
        "path_type": "hardlink",
        "sha256": "fa76da1a5813d6cb9f3bd21cfaeaf0283aa5f036b453718bea164920ca878157",
        "sha256_in_prefix": "fa76da1a5813d6cb9f3bd21cfaeaf0283aa5f036b453718bea164920ca878157",
        "size_in_bytes": 2588
      },
      {
        "_path": "lib/python3.9/site-packages/cryptography/hazmat/primitives/asymmetric/x448.py",
        "path_type": "hardlink",
        "sha256": "dfc991f29a930455b3e449aff5c40696ab6ffd0837ec19ab95ad2445cd879ab5",
        "sha256_in_prefix": "dfc991f29a930455b3e449aff5c40696ab6ffd0837ec19ab95ad2445cd879ab5",
        "size_in_bytes": 2549
      },
      {
        "_path": "lib/python3.9/site-packages/cryptography/hazmat/primitives/ciphers/__init__.py",
        "path_type": "hardlink",
        "sha256": "9e3c7f4686ad61ac590f4ad88581a2f385909d3664312a4aebb51f588aa44291",
        "sha256_in_prefix": "9e3c7f4686ad61ac590f4ad88581a2f385909d3664312a4aebb51f588aa44291",
        "size_in_bytes": 582
      },
      {
        "_path": "lib/python3.9/site-packages/cryptography/hazmat/primitives/ciphers/__pycache__/__init__.cpython-39.pyc",
        "path_type": "hardlink",
        "sha256": "d2fb9df8b86251d360993aef3cf029a245c6b73ea421e42a9618f352dd069234",
        "sha256_in_prefix": "d2fb9df8b86251d360993aef3cf029a245c6b73ea421e42a9618f352dd069234",
        "size_in_bytes": 472
      },
      {
        "_path": "lib/python3.9/site-packages/cryptography/hazmat/primitives/ciphers/__pycache__/aead.cpython-39.pyc",
        "path_type": "hardlink",
        "sha256": "d7867296f283026448da0253bef190c295f729581d1bc22074d483499ed91de3",
        "sha256_in_prefix": "d7867296f283026448da0253bef190c295f729581d1bc22074d483499ed91de3",
        "size_in_bytes": 5540
      },
      {
        "_path": "lib/python3.9/site-packages/cryptography/hazmat/primitives/ciphers/__pycache__/algorithms.cpython-39.pyc",
        "path_type": "hardlink",
        "sha256": "accd64bb1f0b31364b7a9d7981aedb023a0a8cec5bb92a25a3611f4fd9a34b7c",
        "sha256_in_prefix": "accd64bb1f0b31364b7a9d7981aedb023a0a8cec5bb92a25a3611f4fd9a34b7c",
        "size_in_bytes": 5188
      },
      {
        "_path": "lib/python3.9/site-packages/cryptography/hazmat/primitives/ciphers/__pycache__/base.cpython-39.pyc",
        "path_type": "hardlink",
        "sha256": "8161eeb52f40392758a467551d078e8f6a9eab8b9b2bc16fd724e6d363b41147",
        "sha256_in_prefix": "8161eeb52f40392758a467551d078e8f6a9eab8b9b2bc16fd724e6d363b41147",
        "size_in_bytes": 8197
      },
      {
        "_path": "lib/python3.9/site-packages/cryptography/hazmat/primitives/ciphers/__pycache__/modes.cpython-39.pyc",
        "path_type": "hardlink",
        "sha256": "d02bbb62c5b2be14571b0b52acda98a78c18b92f504197ab829b181b1e2990ee",
        "sha256_in_prefix": "d02bbb62c5b2be14571b0b52acda98a78c18b92f504197ab829b181b1e2990ee",
        "size_in_bytes": 7176
      },
      {
        "_path": "lib/python3.9/site-packages/cryptography/hazmat/primitives/ciphers/aead.py",
        "path_type": "hardlink",
        "sha256": "78acd51f699ffb968549a04e1bd26724001ded70677fdc38047d94bb6653d35c",
        "sha256_in_prefix": "78acd51f699ffb968549a04e1bd26724001ded70677fdc38047d94bb6653d35c",
        "size_in_bytes": 6833
      },
      {
        "_path": "lib/python3.9/site-packages/cryptography/hazmat/primitives/ciphers/algorithms.py",
        "path_type": "hardlink",
        "sha256": "1042424eb5027bc8873763b57ff6f047652a84e7a6862e77fb7e16b10e8375d2",
        "sha256_in_prefix": "1042424eb5027bc8873763b57ff6f047652a84e7a6862e77fb7e16b10e8375d2",
        "size_in_bytes": 3829
      },
      {
        "_path": "lib/python3.9/site-packages/cryptography/hazmat/primitives/ciphers/base.py",
        "path_type": "hardlink",
        "sha256": "c3cfc0589c17d4fad6a6f8de07efd11778a86da951dc7bb71c830338cafdd9cf",
        "sha256_in_prefix": "c3cfc0589c17d4fad6a6f8de07efd11778a86da951dc7bb71c830338cafdd9cf",
        "size_in_bytes": 7164
      },
      {
        "_path": "lib/python3.9/site-packages/cryptography/hazmat/primitives/ciphers/modes.py",
        "path_type": "hardlink",
        "sha256": "98e9ce817ca80f437d36c48e919bc0f2a300dd5e4eec7b9b57062259526f445b",
        "sha256_in_prefix": "98e9ce817ca80f437d36c48e919bc0f2a300dd5e4eec7b9b57062259526f445b",
        "size_in_bytes": 6549
      },
      {
        "_path": "lib/python3.9/site-packages/cryptography/hazmat/primitives/cmac.py",
        "path_type": "hardlink",
        "sha256": "2a4ce4f154077befdc61e55a6f6e12e0e0cc589399902e1b2d62ef0a8316caf4",
        "sha256_in_prefix": "2a4ce4f154077befdc61e55a6f6e12e0e0cc589399902e1b2d62ef0a8316caf4",
        "size_in_bytes": 2158
      },
      {
        "_path": "lib/python3.9/site-packages/cryptography/hazmat/primitives/constant_time.py",
        "path_type": "hardlink",
        "sha256": "e9b916d3442384abac760b106dec5784c9465f45d1379f57366c564b65b7f0d0",
        "sha256_in_prefix": "e9b916d3442384abac760b106dec5784c9465f45d1379f57366c564b65b7f0d0",
        "size_in_bytes": 387
      },
      {
        "_path": "lib/python3.9/site-packages/cryptography/hazmat/primitives/hashes.py",
        "path_type": "hardlink",
        "sha256": "70b34970a2ac23c13a66110d2a4a69b09ffc4ba5bdef2d2d1f35daf8004186d6",
        "sha256_in_prefix": "70b34970a2ac23c13a66110d2a4a69b09ffc4ba5bdef2d2d1f35daf8004186d6",
        "size_in_bytes": 6051
      },
      {
        "_path": "lib/python3.9/site-packages/cryptography/hazmat/primitives/hmac.py",
        "path_type": "hardlink",
        "sha256": "ae1acbb7a2f09736c8be7aa998e4154fa2ffe1777dc41b1406e9cf0a41dcbd6b",
        "sha256_in_prefix": "ae1acbb7a2f09736c8be7aa998e4154fa2ffe1777dc41b1406e9cf0a41dcbd6b",
        "size_in_bytes": 2332
      },
      {
        "_path": "lib/python3.9/site-packages/cryptography/hazmat/primitives/kdf/__init__.py",
        "path_type": "hardlink",
        "sha256": "0dc661cdf2c6f1df086011fbef59464d55394bcece403a6ede7adf3b0667b260",
        "sha256_in_prefix": "0dc661cdf2c6f1df086011fbef59464d55394bcece403a6ede7adf3b0667b260",
        "size_in_bytes": 715
      },
      {
        "_path": "lib/python3.9/site-packages/cryptography/hazmat/primitives/kdf/__pycache__/__init__.cpython-39.pyc",
        "path_type": "hardlink",
        "sha256": "c8f691ebca4e897761687df48922f6423669b79b7ac682d20d6c6f1713d82d5c",
        "sha256_in_prefix": "c8f691ebca4e897761687df48922f6423669b79b7ac682d20d6c6f1713d82d5c",
        "size_in_bytes": 1027
      },
      {
        "_path": "lib/python3.9/site-packages/cryptography/hazmat/primitives/kdf/__pycache__/concatkdf.cpython-39.pyc",
        "path_type": "hardlink",
        "sha256": "c7db1d482203043abd1517e5316797b398864d901b8f29ba590c7dc575917ce3",
        "sha256_in_prefix": "c7db1d482203043abd1517e5316797b398864d901b8f29ba590c7dc575917ce3",
        "size_in_bytes": 4330
      },
      {
        "_path": "lib/python3.9/site-packages/cryptography/hazmat/primitives/kdf/__pycache__/hkdf.cpython-39.pyc",
        "path_type": "hardlink",
        "sha256": "8dcb6a3df9ba06e2766f2953dc2f857fd31979c1be38a68e05445ea0a86cf48b",
        "sha256_in_prefix": "8dcb6a3df9ba06e2766f2953dc2f857fd31979c1be38a68e05445ea0a86cf48b",
        "size_in_bytes": 3474
      },
      {
        "_path": "lib/python3.9/site-packages/cryptography/hazmat/primitives/kdf/__pycache__/kbkdf.cpython-39.pyc",
        "path_type": "hardlink",
        "sha256": "73785db13c0cfe0f8f3b927fc95aa0a3d4d7c86909a85a670cf335441f515ac4",
        "sha256_in_prefix": "73785db13c0cfe0f8f3b927fc95aa0a3d4d7c86909a85a670cf335441f515ac4",
        "size_in_bytes": 4188
      },
      {
        "_path": "lib/python3.9/site-packages/cryptography/hazmat/primitives/kdf/__pycache__/pbkdf2.cpython-39.pyc",
        "path_type": "hardlink",
        "sha256": "3e8b96f6dc9aad228626e9176ca5650132b289fa771cf931abb3eea7cb1bb0c7",
        "sha256_in_prefix": "3e8b96f6dc9aad228626e9176ca5650132b289fa771cf931abb3eea7cb1bb0c7",
        "size_in_bytes": 2108
      },
      {
        "_path": "lib/python3.9/site-packages/cryptography/hazmat/primitives/kdf/__pycache__/scrypt.cpython-39.pyc",
        "path_type": "hardlink",
        "sha256": "80a6cb7c10dfc45465f0b0a67bcefef8ca9d7ffede67e88a007c2d49b0ef8c0d",
        "sha256_in_prefix": "80a6cb7c10dfc45465f0b0a67bcefef8ca9d7ffede67e88a007c2d49b0ef8c0d",
        "size_in_bytes": 2156
      },
      {
        "_path": "lib/python3.9/site-packages/cryptography/hazmat/primitives/kdf/__pycache__/x963kdf.cpython-39.pyc",
        "path_type": "hardlink",
        "sha256": "ba947435badbbb67c8b5be032c37c1c415b665c66932d8ba8d1caae56cba0183",
        "sha256_in_prefix": "ba947435badbbb67c8b5be032c37c1c415b665c66932d8ba8d1caae56cba0183",
        "size_in_bytes": 2357
      },
      {
        "_path": "lib/python3.9/site-packages/cryptography/hazmat/primitives/kdf/concatkdf.py",
        "path_type": "hardlink",
        "sha256": "17dc1ea677be2119a14d9f49e07fd72c3234465f0b71c63ac2f8550348d0e137",
        "sha256_in_prefix": "17dc1ea677be2119a14d9f49e07fd72c3234465f0b71c63ac2f8550348d0e137",
        "size_in_bytes": 4576
      },
      {
        "_path": "lib/python3.9/site-packages/cryptography/hazmat/primitives/kdf/hkdf.py",
        "path_type": "hardlink",
        "sha256": "76847bd308ce700e7a87186142d57633e7a46a38e3af98684f917c28cc6865da",
        "sha256_in_prefix": "76847bd308ce700e7a87186142d57633e7a46a38e3af98684f917c28cc6865da",
        "size_in_bytes": 3807
      },
      {
        "_path": "lib/python3.9/site-packages/cryptography/hazmat/primitives/kdf/kbkdf.py",
        "path_type": "hardlink",
        "sha256": "b5eb966d1bc26528568919efd1e83eb17af19be83b4acd365256f7bd56f33ef7",
        "sha256_in_prefix": "b5eb966d1bc26528568919efd1e83eb17af19be83b4acd365256f7bd56f33ef7",
        "size_in_bytes": 5195
      },
      {
        "_path": "lib/python3.9/site-packages/cryptography/hazmat/primitives/kdf/pbkdf2.py",
        "path_type": "hardlink",
        "sha256": "e0768b729a6ca587bca1deafbabd04e34f2a62040f8c92ad23d903ad67ac21da",
        "sha256_in_prefix": "e0768b729a6ca587bca1deafbabd04e34f2a62040f8c92ad23d903ad67ac21da",
        "size_in_bytes": 2261
      },
      {
        "_path": "lib/python3.9/site-packages/cryptography/hazmat/primitives/kdf/scrypt.py",
        "path_type": "hardlink",
        "sha256": "bc2318191a7e43efbd0f18834076e4555457921ad04d1d2a902d0bae257a1f2f",
        "sha256_in_prefix": "bc2318191a7e43efbd0f18834076e4555457921ad04d1d2a902d0bae257a1f2f",
        "size_in_bytes": 2248
      },
      {
        "_path": "lib/python3.9/site-packages/cryptography/hazmat/primitives/kdf/x963kdf.py",
        "path_type": "hardlink",
        "sha256": "379fb628e03667eee40318e1854e6ab8d711a664e1c900b976153e0b0f798d69",
        "sha256_in_prefix": "379fb628e03667eee40318e1854e6ab8d711a664e1c900b976153e0b0f798d69",
        "size_in_bytes": 2458
      },
      {
        "_path": "lib/python3.9/site-packages/cryptography/hazmat/primitives/keywrap.py",
        "path_type": "hardlink",
        "sha256": "89ba55675f4e19ca0456b484edc8b37683037510daa9c01379544ae7fe0c08ee",
        "sha256_in_prefix": "89ba55675f4e19ca0456b484edc8b37683037510daa9c01379544ae7fe0c08ee",
        "size_in_bytes": 5927
      },
      {
        "_path": "lib/python3.9/site-packages/cryptography/hazmat/primitives/padding.py",
        "path_type": "hardlink",
        "sha256": "3d89604cd1d951844e9d0675a1e7aa2a6d56cb392a2e5c08a51520740487386f",
        "sha256_in_prefix": "3d89604cd1d951844e9d0675a1e7aa2a6d56cb392a2e5c08a51520740487386f",
        "size_in_bytes": 6193
      },
      {
        "_path": "lib/python3.9/site-packages/cryptography/hazmat/primitives/poly1305.py",
        "path_type": "hardlink",
        "sha256": "fc3b6fea808c9fde2b02143aa6389ef663bf3220cb54be48b77679b1da425377",
        "sha256_in_prefix": "fc3b6fea808c9fde2b02143aa6389ef663bf3220cb54be48b77679b1da425377",
        "size_in_bytes": 1711
      },
      {
        "_path": "lib/python3.9/site-packages/cryptography/hazmat/primitives/serialization/__init__.py",
        "path_type": "hardlink",
        "sha256": "4402c4b6117bc118e53324ef4aad3d5e62907b2ef8b6c49d0c20ac0da0fac905",
        "sha256_in_prefix": "4402c4b6117bc118e53324ef4aad3d5e62907b2ef8b6c49d0c20ac0da0fac905",
        "size_in_bytes": 1129
      },
      {
        "_path": "lib/python3.9/site-packages/cryptography/hazmat/primitives/serialization/__pycache__/__init__.cpython-39.pyc",
        "path_type": "hardlink",
        "sha256": "b90e8f515ff41310ad96fbd11f610ee64fa1ea2ba2a16ffa3eccc07379a3f551",
        "sha256_in_prefix": "b90e8f515ff41310ad96fbd11f610ee64fa1ea2ba2a16ffa3eccc07379a3f551",
        "size_in_bytes": 884
      },
      {
        "_path": "lib/python3.9/site-packages/cryptography/hazmat/primitives/serialization/__pycache__/base.cpython-39.pyc",
        "path_type": "hardlink",
        "sha256": "c8e44033285f0c189790914ab4404933fb46a26880a1b4026c635dfc389ec158",
        "sha256_in_prefix": "c8e44033285f0c189790914ab4404933fb46a26880a1b4026c635dfc389ec158",
        "size_in_bytes": 1462
      },
      {
        "_path": "lib/python3.9/site-packages/cryptography/hazmat/primitives/serialization/__pycache__/pkcs12.cpython-39.pyc",
        "path_type": "hardlink",
        "sha256": "3cd61bb58f117cbe5057e52df4e1a3fc5ac09e93f07d057d59cfd8907f297691",
        "sha256_in_prefix": "3cd61bb58f117cbe5057e52df4e1a3fc5ac09e93f07d057d59cfd8907f297691",
        "size_in_bytes": 2009
      },
      {
        "_path": "lib/python3.9/site-packages/cryptography/hazmat/primitives/serialization/__pycache__/pkcs7.cpython-39.pyc",
        "path_type": "hardlink",
        "sha256": "f8249f87151d3b8bac76898db7639455bcce6f8e63faa5125234fadf69abe84c",
        "sha256_in_prefix": "f8249f87151d3b8bac76898db7639455bcce6f8e63faa5125234fadf69abe84c",
        "size_in_bytes": 4335
      },
      {
        "_path": "lib/python3.9/site-packages/cryptography/hazmat/primitives/serialization/__pycache__/ssh.cpython-39.pyc",
        "path_type": "hardlink",
        "sha256": "265e3c24f232ebad322b84c048af1f9455fc4e9a527e8ebe0c04159211b9214c",
        "sha256_in_prefix": "265e3c24f232ebad322b84c048af1f9455fc4e9a527e8ebe0c04159211b9214c",
        "size_in_bytes": 19026
      },
      {
        "_path": "lib/python3.9/site-packages/cryptography/hazmat/primitives/serialization/base.py",
        "path_type": "hardlink",
        "sha256": "398aa4d949c847920028fd5044d89f868430f875f77ad716b9d9f75b62552328",
        "sha256_in_prefix": "398aa4d949c847920028fd5044d89f868430f875f77ad716b9d9f75b62552328",
        "size_in_bytes": 1440
      },
      {
        "_path": "lib/python3.9/site-packages/cryptography/hazmat/primitives/serialization/pkcs12.py",
        "path_type": "hardlink",
        "sha256": "26e5abe55ab3eb31298e1de3ecc1354829374c50cd84e36341db3f49eed7a458",
        "sha256_in_prefix": "26e5abe55ab3eb31298e1de3ecc1354829374c50cd84e36341db3f49eed7a458",
        "size_in_bytes": 2270
      },
      {
        "_path": "lib/python3.9/site-packages/cryptography/hazmat/primitives/serialization/pkcs7.py",
        "path_type": "hardlink",
        "sha256": "0ac9a71846ed2ca9b6a3a0fb87f6be12f1d039fc251f1ad5f7a5648e7acd5fbb",
        "sha256_in_prefix": "0ac9a71846ed2ca9b6a3a0fb87f6be12f1d039fc251f1ad5f7a5648e7acd5fbb",
        "size_in_bytes": 5223
      },
      {
        "_path": "lib/python3.9/site-packages/cryptography/hazmat/primitives/serialization/ssh.py",
        "path_type": "hardlink",
        "sha256": "7685f48ab8ff435c1dd4dfc953e5e273fe73524307ff364a710514381f9ac469",
        "sha256_in_prefix": "7685f48ab8ff435c1dd4dfc953e5e273fe73524307ff364a710514381f9ac469",
        "size_in_bytes": 22293
      },
      {
        "_path": "lib/python3.9/site-packages/cryptography/hazmat/primitives/twofactor/__init__.py",
        "path_type": "hardlink",
        "sha256": "647a38cf05a27453f6456165f25ba236e62454c64f821cf1e788b33cd482b43e",
        "sha256_in_prefix": "647a38cf05a27453f6456165f25ba236e62454c64f821cf1e788b33cd482b43e",
        "size_in_bytes": 222
      },
      {
        "_path": "lib/python3.9/site-packages/cryptography/hazmat/primitives/twofactor/__pycache__/__init__.cpython-39.pyc",
        "path_type": "hardlink",
        "sha256": "346b323b901b865bc41200ee36dee1ef694ac4a66a9d76ee954fd5e483558c04",
        "sha256_in_prefix": "346b323b901b865bc41200ee36dee1ef694ac4a66a9d76ee954fd5e483558c04",
        "size_in_bytes": 338
      },
      {
        "_path": "lib/python3.9/site-packages/cryptography/hazmat/primitives/twofactor/__pycache__/hotp.cpython-39.pyc",
        "path_type": "hardlink",
        "sha256": "16d69fdfe0f419af29d90cf161193c27819d2f5c9e3774d4e50f651420be3ffd",
        "sha256_in_prefix": "16d69fdfe0f419af29d90cf161193c27819d2f5c9e3774d4e50f651420be3ffd",
        "size_in_bytes": 2920
      },
      {
        "_path": "lib/python3.9/site-packages/cryptography/hazmat/primitives/twofactor/__pycache__/totp.cpython-39.pyc",
        "path_type": "hardlink",
        "sha256": "a929d1514024bb1160bd056efc5f1d39f26dfaaabc656ce881754bb1f9f49b65",
        "sha256_in_prefix": "a929d1514024bb1160bd056efc5f1d39f26dfaaabc656ce881754bb1f9f49b65",
        "size_in_bytes": 2107
      },
      {
        "_path": "lib/python3.9/site-packages/cryptography/hazmat/primitives/twofactor/__pycache__/utils.cpython-39.pyc",
        "path_type": "hardlink",
        "sha256": "b451dfeea0b33f957ce7cc89409af0fd513d49e335a2388d6e77e8670766b508",
        "sha256_in_prefix": "b451dfeea0b33f957ce7cc89409af0fd513d49e335a2388d6e77e8670766b508",
        "size_in_bytes": 855
      },
      {
        "_path": "lib/python3.9/site-packages/cryptography/hazmat/primitives/twofactor/hotp.py",
        "path_type": "hardlink",
        "sha256": "257a61f8dd12f020ccfa5691a15fc6f967a5867ecfbdca605d3c516e9ff21239",
        "sha256_in_prefix": "257a61f8dd12f020ccfa5691a15fc6f967a5867ecfbdca605d3c516e9ff21239",
        "size_in_bytes": 2826
      },
      {
        "_path": "lib/python3.9/site-packages/cryptography/hazmat/primitives/twofactor/totp.py",
        "path_type": "hardlink",
        "sha256": "d864c5b1d51d039f39f8dfeca9f3e19410560d8f84c5a1f51ca1f5a775cf5a69",
        "sha256_in_prefix": "d864c5b1d51d039f39f8dfeca9f3e19410560d8f84c5a1f51ca1f5a775cf5a69",
        "size_in_bytes": 1912
      },
      {
        "_path": "lib/python3.9/site-packages/cryptography/hazmat/primitives/twofactor/utils.py",
        "path_type": "hardlink",
        "sha256": "f131b9a326b3f02c47097aaa876ea2027cbdc3f5b57bd4a055d09969e1333b05",
        "sha256_in_prefix": "f131b9a326b3f02c47097aaa876ea2027cbdc3f5b57bd4a055d09969e1333b05",
        "size_in_bytes": 982
      },
      {
        "_path": "lib/python3.9/site-packages/cryptography/py.typed",
        "path_type": "hardlink",
        "sha256": "e3b0c44298fc1c149afbf4c8996fb92427ae41e4649b934ca495991b7852b855",
        "sha256_in_prefix": "e3b0c44298fc1c149afbf4c8996fb92427ae41e4649b934ca495991b7852b855",
        "size_in_bytes": 0
      },
      {
        "_path": "lib/python3.9/site-packages/cryptography/utils.py",
        "path_type": "hardlink",
        "sha256": "772614cf68ebd6d4ec610dd2697dff70162eef6d24a2975ab4dcbff372f53247",
        "sha256_in_prefix": "772614cf68ebd6d4ec610dd2697dff70162eef6d24a2975ab4dcbff372f53247",
        "size_in_bytes": 4861
      },
      {
        "_path": "lib/python3.9/site-packages/cryptography/x509/__init__.py",
        "path_type": "hardlink",
        "sha256": "e3f5ecbfbc9530219ba486d281ce123f10d7fb7327f3780dd3b52cd4f00cfde0",
        "sha256_in_prefix": "e3f5ecbfbc9530219ba486d281ce123f10d7fb7327f3780dd3b52cd4f00cfde0",
        "size_in_bytes": 7634
      },
      {
        "_path": "lib/python3.9/site-packages/cryptography/x509/__pycache__/__init__.cpython-39.pyc",
        "path_type": "hardlink",
        "sha256": "d41d1507abbc6e01df635c7e70afcb63f8285883459e4f46c01470cebaced0b2",
        "sha256_in_prefix": "d41d1507abbc6e01df635c7e70afcb63f8285883459e4f46c01470cebaced0b2",
        "size_in_bytes": 5973
      },
      {
        "_path": "lib/python3.9/site-packages/cryptography/x509/__pycache__/base.cpython-39.pyc",
        "path_type": "hardlink",
        "sha256": "e915182f1e1edad30aaaa6b74f346e10315c1147d2f0eaa8416ca68ca4375ef5",
        "sha256_in_prefix": "e915182f1e1edad30aaaa6b74f346e10315c1147d2f0eaa8416ca68ca4375ef5",
        "size_in_bytes": 26680
      },
      {
        "_path": "lib/python3.9/site-packages/cryptography/x509/__pycache__/certificate_transparency.cpython-39.pyc",
        "path_type": "hardlink",
        "sha256": "0646540d98cd442447bf39446178ff881fe62645ca474842da9e7e14a2913bc3",
        "sha256_in_prefix": "0646540d98cd442447bf39446178ff881fe62645ca474842da9e7e14a2913bc3",
        "size_in_bytes": 1696
      },
      {
        "_path": "lib/python3.9/site-packages/cryptography/x509/__pycache__/extensions.cpython-39.pyc",
        "path_type": "hardlink",
        "sha256": "cdfa882b5a3424d42ea6b71d6c183989467d7c9b8242c9a06c97ef04647df3a6",
        "sha256_in_prefix": "cdfa882b5a3424d42ea6b71d6c183989467d7c9b8242c9a06c97ef04647df3a6",
        "size_in_bytes": 55684
      },
      {
        "_path": "lib/python3.9/site-packages/cryptography/x509/__pycache__/general_name.cpython-39.pyc",
        "path_type": "hardlink",
        "sha256": "739e096804947180822a2b6a0b9bb3d3e1b90f101aee90c38e4ef8a063220c1e",
        "sha256_in_prefix": "739e096804947180822a2b6a0b9bb3d3e1b90f101aee90c38e4ef8a063220c1e",
        "size_in_bytes": 9920
      },
      {
        "_path": "lib/python3.9/site-packages/cryptography/x509/__pycache__/name.cpython-39.pyc",
        "path_type": "hardlink",
        "sha256": "8bae8734b5b2208485b3d084ecc03115bdc0fa5dc98ef84b515fd3633326bb42",
        "sha256_in_prefix": "8bae8734b5b2208485b3d084ecc03115bdc0fa5dc98ef84b515fd3633326bb42",
        "size_in_bytes": 10020
      },
      {
        "_path": "lib/python3.9/site-packages/cryptography/x509/__pycache__/ocsp.cpython-39.pyc",
        "path_type": "hardlink",
        "sha256": "ef46a102b0cbe5b97337d49ebb767c1071d0273a0a97858624e9925ced619ee3",
        "sha256_in_prefix": "ef46a102b0cbe5b97337d49ebb767c1071d0273a0a97858624e9925ced619ee3",
        "size_in_bytes": 14700
      },
      {
        "_path": "lib/python3.9/site-packages/cryptography/x509/__pycache__/oid.cpython-39.pyc",
        "path_type": "hardlink",
        "sha256": "5bac077ba272026e1b46572add6e68d99c7e2c24e8ee39588b0ec3c11ec1a19f",
        "sha256_in_prefix": "5bac077ba272026e1b46572add6e68d99c7e2c24e8ee39588b0ec3c11ec1a19f",
        "size_in_bytes": 9011
      },
      {
        "_path": "lib/python3.9/site-packages/cryptography/x509/base.py",
        "path_type": "hardlink",
        "sha256": "76e49ee1b22e062279836342f3e552c437ea1d9d0210471764a85c046abe79e0",
        "sha256_in_prefix": "76e49ee1b22e062279836342f3e552c437ea1d9d0210471764a85c046abe79e0",
        "size_in_bytes": 28193
      },
      {
        "_path": "lib/python3.9/site-packages/cryptography/x509/certificate_transparency.py",
        "path_type": "hardlink",
        "sha256": "af326fc5dd4555f73980e8d44fe4f6545e6f70e0b9f7b52bac8ff9249c19a6b2",
        "sha256_in_prefix": "af326fc5dd4555f73980e8d44fe4f6545e6f70e0b9f7b52bac8ff9249c19a6b2",
        "size_in_bytes": 979
      },
      {
        "_path": "lib/python3.9/site-packages/cryptography/x509/extensions.py",
        "path_type": "hardlink",
        "sha256": "33e9fff201233b9ff4dee7c61e82bfeb0f1849288dc96bc7509e4a82ae73a0de",
        "sha256_in_prefix": "33e9fff201233b9ff4dee7c61e82bfeb0f1849288dc96bc7509e4a82ae73a0de",
        "size_in_bytes": 54019
      },
      {
        "_path": "lib/python3.9/site-packages/cryptography/x509/general_name.py",
        "path_type": "hardlink",
        "sha256": "e5d95dda4b599c2120de5d785322a4e834a5cc51d795ce96c56e49f11f0c93e4",
        "sha256_in_prefix": "e5d95dda4b599c2120de5d785322a4e834a5cc51d795ce96c56e49f11f0c93e4",
        "size_in_bytes": 8161
      },
      {
        "_path": "lib/python3.9/site-packages/cryptography/x509/name.py",
        "path_type": "hardlink",
        "sha256": "3e946e6b99d614b66d3a0efb5dd6b26c654db293bc66f43b75d3439f6d37bf2b",
        "sha256_in_prefix": "3e946e6b99d614b66d3a0efb5dd6b26c654db293bc66f43b75d3439f6d37bf2b",
        "size_in_bytes": 8529
      },
      {
        "_path": "lib/python3.9/site-packages/cryptography/x509/ocsp.py",
        "path_type": "hardlink",
        "sha256": "111079a2c4d66cd89e2e3f78e57a2ad0d8c1933aa8768fd604bece45a0b67c38",
        "sha256_in_prefix": "111079a2c4d66cd89e2e3f78e57a2ad0d8c1933aa8768fd604bece45a0b67c38",
        "size_in_bytes": 14738
      },
      {
        "_path": "lib/python3.9/site-packages/cryptography/x509/oid.py",
        "path_type": "hardlink",
        "sha256": "d4fc4ff4faff961efbceacaf4c979f791a332b755869194d9967d87c35abd809",
        "sha256_in_prefix": "d4fc4ff4faff961efbceacaf4c979f791a332b755869194d9967d87c35abd809",
        "size_in_bytes": 12619
      }
    ],
    "paths_version": 1
  },
  "requested_spec": "None",
  "sha256": "667eb1750127cb57f548eb346f7fd5d991befedb0ff0a6462b6bd41abd1b6c54",
  "size": 928034,
  "subdir": "linux-64",
  "timestamp": 1616767201071,
  "track_features": "",
  "url": "https://repo.anaconda.com/pkgs/main/linux-64/cryptography-3.4.7-py39hd23ed53_0.conda",
  "version": "3.4.7"
}