{
  "build": "he6710b0_2",
  "build_number": 2,
  "channel": "https://repo.anaconda.com/pkgs/main/linux-64",
  "constrains": [],
  "depends": [
    "libgcc-ng >=7.3.0",
    "libstdcxx-ng >=7.3.0"
  ],
  "extracted_package_dir": "/root/venv3.9/pkgs/libffi-3.3-he6710b0_2",
  "features": "",
  "files": [
    "include/ffi.h",
    "include/ffitarget.h",
    "lib/libffi.a",
    "lib/libffi.so",
    "lib/libffi.so.6",
    "lib/libffi.so.7",
    "lib/libffi.so.7.1.0",
    "lib/pkgconfig/libffi.pc",
    "share/info/libffi.info",
    "share/man/man3/ffi.3",
    "share/man/man3/ffi_call.3",
    "share/man/man3/ffi_prep_cif.3",
    "share/man/man3/ffi_prep_cif_var.3"
  ],
  "fn": "libffi-3.3-he6710b0_2.conda",
  "legacy_bz2_md5": "822b5201dde61bc838072dc5b670c88c",
  "legacy_bz2_size": 55183,
  "license": "Custom",
  "link": {
    "source": "/root/venv3.9/pkgs/libffi-3.3-he6710b0_2",
    "type": 1
  },
  "md5": "88a54b8f50e351c650e16f4ee781440c",
  "name": "libffi",
  "package_tarball_full_path": "/root/venv3.9/pkgs/libffi-3.3-he6710b0_2.conda",
  "paths_data": {
    "paths": [
      {
        "_path": "lib/pkgconfig/libffi.pc",
        "file_mode": "text",
        "path_type": "hardlink",
        "prefix_placeholder": "/opt/anaconda1anaconda2anaconda3",
        "sha256": "189c5407784da1867aa504aa5dde3d737e88edc1102e12b84c91e36e3f4f391f",
        "sha256_in_prefix": "2f0cbd9bbfd8f324920caa4755684b8144c43ce494975bfdffd5ba67851dd6e9",
        "size_in_bytes": 308
      }
    ],
    "paths_version": 1
  },
  "requested_spec": "libffi==3.3=he6710b0_2",
  "sha256": "2cef7c80db19e83a38b6e02110f0e9828d3ef4045c38791d5b01006c44529093",
  "size": 51543,
  "subdir": "linux-64",
  "timestamp": 1594054267890,
  "track_features": "",
  "url": "https://repo.anaconda.com/pkgs/main/linux-64/libffi-3.3-he6710b0_2.conda",
  "version": "3.3"
}