{
  "build": "hd4cf53a_17",
  "build_number": 17,
  "channel": "https://repo.anaconda.com/pkgs/main/linux-64",
  "constrains": [],
  "depends": [],
  "extracted_package_dir": "/root/venv3.9/pkgs/libstdcxx-ng-9.3.0-hd4cf53a_17",
  "features": "",
  "files": [
    "lib/libstdc++.so",
    "lib/libstdc++.so.6",
    "lib/libstdc++.so.6.0.28",
    "share/licenses/libstdc++/RUNTIME.LIBRARY.EXCEPTION"
  ],
  "fn": "libstdcxx-ng-9.3.0-hd4cf53a_17.conda",
  "legacy_bz2_md5": "47415cfbf9f3d288981db1cd97cfe97b",
  "license": "GPL-3.0-only WITH GCC-exception-3.1",
  "link": {
    "source": "/root/venv3.9/pkgs/libstdcxx-ng-9.3.0-hd4cf53a_17",
    "type": 1
  },
  "md5": "47744aca0f5e63c4672d117c3596d937",
  "name": "libstdcxx-ng",
  "package_tarball_full_path": "/root/venv3.9/pkgs/libstdcxx-ng-9.3.0-hd4cf53a_17.conda",
  "paths_data": {
    "paths": [
      {
        "_path": "lib/libstdc++.so",
        "path_type": "softlink",
        "sha256": "b5fb3fbe206e1e5408269c9e986f39acdfa16c0503d4234dc1268f38d3f7b4bc",
        "size_in_bytes": 13121976
      },
      {
        "_path": "lib/libstdc++.so.6",
        "path_type": "softlink",
        "sha256": "b5fb3fbe206e1e5408269c9e986f39acdfa16c0503d4234dc1268f38d3f7b4bc",
        "size_in_bytes": 13121976
      },
      {
        "_path": "lib/libstdc++.so.6.0.28",
        "path_type": "hardlink",
        "sha256": "b5fb3fbe206e1e5408269c9e986f39acdfa16c0503d4234dc1268f38d3f7b4bc",
        "sha256_in_prefix": "b5fb3fbe206e1e5408269c9e986f39acdfa16c0503d4234dc1268f38d3f7b4bc",
        "size_in_bytes": 13121976
      },
      {
        "_path": "share/licenses/libstdc++/RUNTIME.LIBRARY.EXCEPTION",
        "path_type": "hardlink",
        "sha256": "9d6b43ce4d8de0c878bf16b54d8e7a10d9bd42b75178153e3af6a815bdc90f74",
        "sha256_in_prefix": "9d6b43ce4d8de0c878bf16b54d8e7a10d9bd42b75178153e3af6a815bdc90f74",
        "size_in_bytes": 3324
      }
    ],
    "paths_version": 1
  },
  "requested_spec": "None",
  "sha256": "0cdad3721336fe93f626289dd45e864eb4a0659ff2094670af01e7eacad28d9c",
  "size": 3248965,
  "subdir": "linux-64",
  "timestamp": 1622663335295,
  "track_features": "",
  "url": "https://repo.anaconda.com/pkgs/main/linux-64/libstdcxx-ng-9.3.0-hd4cf53a_17.conda",
  "version": "9.3.0"
}