{
  "build": "py39h27cfd23_0",
  "build_number": 0,
  "channel": "https://repo.anaconda.com/pkgs/main/linux-64",
  "constrains": [],
  "depends": [
    "libgcc-ng >=7.3.0",
    "python >=3.9,<3.10.0a0"
  ],
  "extracted_package_dir": "/root/venv3.9/pkgs/pycosat-0.6.3-py39h27cfd23_0",
  "features": "",
  "files": [
    "lib/python3.9/site-packages/__pycache__/test_pycosat.cpython-39.pyc",
    "lib/python3.9/site-packages/pycosat-0.6.3-py3.9.egg-info",
    "lib/python3.9/site-packages/pycosat.cpython-39-x86_64-linux-gnu.so",
    "lib/python3.9/site-packages/test_pycosat.py"
  ],
  "fn": "pycosat-0.6.3-py39h27cfd23_0.conda",
  "legacy_bz2_md5": "cdb27dc2c863469bab93d23c26ea56bc",
  "legacy_bz2_size": 111019,
  "license": "MIT",
  "link": {
    "source": "/root/venv3.9/pkgs/pycosat-0.6.3-py39h27cfd23_0",
    "type": 1
  },
  "md5": "ae68246cc683110894b517ca80a24072",
  "name": "pycosat",
  "package_tarball_full_path": "/root/venv3.9/pkgs/pycosat-0.6.3-py39h27cfd23_0.conda",
  "paths_data": {
    "paths": [],
    "paths_version": 1
  },
  "requested_spec": "pycosat==0.6.3=py39h27cfd23_0",
  "sha256": "c7c981ccd6a0af3419338c8efecdfda260936934cd27b4d552eb23fee92364f1",
  "size": 84072,
  "subdir": "linux-64",
  "timestamp": 1605545841785,
  "track_features": "",
  "url": "https://repo.anaconda.com/pkgs/main/linux-64/pycosat-0.6.3-py39h27cfd23_0.conda",
  "version": "0.6.3"
}