{
  "build": "py_2",
  "build_number": 2,
  "channel": "https://repo.anaconda.com/pkgs/main/noarch",
  "constrains": [],
  "depends": [
    "python"
  ],
  "extracted_package_dir": "/root/venv3.9/pkgs/pycparser-2.20-py_2",
  "features": "",
  "files": [
    "lib/python3.9/site-packages/pycparser-2.20.dist-info/INSTALLER",
    "lib/python3.9/site-packages/pycparser-2.20.dist-info/LICENSE",
    "lib/python3.9/site-packages/pycparser-2.20.dist-info/METADATA",
    "lib/python3.9/site-packages/pycparser-2.20.dist-info/RECORD",
    "lib/python3.9/site-packages/pycparser-2.20.dist-info/WHEEL",
    "lib/python3.9/site-packages/pycparser-2.20.dist-info/direct_url.json",
    "lib/python3.9/site-packages/pycparser-2.20.dist-info/top_level.txt",
    "lib/python3.9/site-packages/pycparser/__init__.py",
    "lib/python3.9/site-packages/pycparser/_ast_gen.py",
    "lib/python3.9/site-packages/pycparser/_build_tables.py",
    "lib/python3.9/site-packages/pycparser/_c_ast.cfg",
    "lib/python3.9/site-packages/pycparser/ast_transforms.py",
    "lib/python3.9/site-packages/pycparser/c_ast.py",
    "lib/python3.9/site-packages/pycparser/c_generator.py",
    "lib/python3.9/site-packages/pycparser/c_lexer.py",
    "lib/python3.9/site-packages/pycparser/c_parser.py",
    "lib/python3.9/site-packages/pycparser/lextab.py",
    "lib/python3.9/site-packages/pycparser/ply/__init__.py",
    "lib/python3.9/site-packages/pycparser/ply/cpp.py",
    "lib/python3.9/site-packages/pycparser/ply/ctokens.py",
    "lib/python3.9/site-packages/pycparser/ply/lex.py",
    "lib/python3.9/site-packages/pycparser/ply/yacc.py",
    "lib/python3.9/site-packages/pycparser/ply/ygen.py",
    "lib/python3.9/site-packages/pycparser/plyparser.py",
    "lib/python3.9/site-packages/pycparser/utils/fake_libc_include/X11/Intrinsic.h",
    "lib/python3.9/site-packages/pycparser/utils/fake_libc_include/X11/Xlib.h",
    "lib/python3.9/site-packages/pycparser/utils/fake_libc_include/X11/_X11_fake_defines.h",
    "lib/python3.9/site-packages/pycparser/utils/fake_libc_include/X11/_X11_fake_typedefs.h",
    "lib/python3.9/site-packages/pycparser/utils/fake_libc_include/_ansi.h",
    "lib/python3.9/site-packages/pycparser/utils/fake_libc_include/_fake_defines.h",
    "lib/python3.9/site-packages/pycparser/utils/fake_libc_include/_fake_typedefs.h",
    "lib/python3.9/site-packages/pycparser/utils/fake_libc_include/_syslist.h",
    "lib/python3.9/site-packages/pycparser/utils/fake_libc_include/aio.h",
    "lib/python3.9/site-packages/pycparser/utils/fake_libc_include/alloca.h",
    "lib/python3.9/site-packages/pycparser/utils/fake_libc_include/ar.h",
    "lib/python3.9/site-packages/pycparser/utils/fake_libc_include/argz.h",
    "lib/python3.9/site-packages/pycparser/utils/fake_libc_include/arpa/inet.h",
    "lib/python3.9/site-packages/pycparser/utils/fake_libc_include/asm-generic/int-ll64.h",
    "lib/python3.9/site-packages/pycparser/utils/fake_libc_include/assert.h",
    "lib/python3.9/site-packages/pycparser/utils/fake_libc_include/complex.h",
    "lib/python3.9/site-packages/pycparser/utils/fake_libc_include/cpio.h",
    "lib/python3.9/site-packages/pycparser/utils/fake_libc_include/ctype.h",
    "lib/python3.9/site-packages/pycparser/utils/fake_libc_include/dirent.h",
    "lib/python3.9/site-packages/pycparser/utils/fake_libc_include/dlfcn.h",
    "lib/python3.9/site-packages/pycparser/utils/fake_libc_include/emmintrin.h",
    "lib/python3.9/site-packages/pycparser/utils/fake_libc_include/endian.h",
    "lib/python3.9/site-packages/pycparser/utils/fake_libc_include/envz.h",
    "lib/python3.9/site-packages/pycparser/utils/fake_libc_include/errno.h",
    "lib/python3.9/site-packages/pycparser/utils/fake_libc_include/fastmath.h",
    "lib/python3.9/site-packages/pycparser/utils/fake_libc_include/fcntl.h",
    "lib/python3.9/site-packages/pycparser/utils/fake_libc_include/features.h",
    "lib/python3.9/site-packages/pycparser/utils/fake_libc_include/fenv.h",
    "lib/python3.9/site-packages/pycparser/utils/fake_libc_include/float.h",
    "lib/python3.9/site-packages/pycparser/utils/fake_libc_include/fmtmsg.h",
    "lib/python3.9/site-packages/pycparser/utils/fake_libc_include/fnmatch.h",
    "lib/python3.9/site-packages/pycparser/utils/fake_libc_include/ftw.h",
    "lib/python3.9/site-packages/pycparser/utils/fake_libc_include/getopt.h",
    "lib/python3.9/site-packages/pycparser/utils/fake_libc_include/glob.h",
    "lib/python3.9/site-packages/pycparser/utils/fake_libc_include/grp.h",
    "lib/python3.9/site-packages/pycparser/utils/fake_libc_include/iconv.h",
    "lib/python3.9/site-packages/pycparser/utils/fake_libc_include/ieeefp.h",
    "lib/python3.9/site-packages/pycparser/utils/fake_libc_include/immintrin.h",
    "lib/python3.9/site-packages/pycparser/utils/fake_libc_include/inttypes.h",
    "lib/python3.9/site-packages/pycparser/utils/fake_libc_include/iso646.h",
    "lib/python3.9/site-packages/pycparser/utils/fake_libc_include/langinfo.h",
    "lib/python3.9/site-packages/pycparser/utils/fake_libc_include/libgen.h",
    "lib/python3.9/site-packages/pycparser/utils/fake_libc_include/libintl.h",
    "lib/python3.9/site-packages/pycparser/utils/fake_libc_include/limits.h",
    "lib/python3.9/site-packages/pycparser/utils/fake_libc_include/linux/socket.h",
    "lib/python3.9/site-packages/pycparser/utils/fake_libc_include/linux/version.h",
    "lib/python3.9/site-packages/pycparser/utils/fake_libc_include/locale.h",
    "lib/python3.9/site-packages/pycparser/utils/fake_libc_include/malloc.h",
    "lib/python3.9/site-packages/pycparser/utils/fake_libc_include/math.h",
    "lib/python3.9/site-packages/pycparser/utils/fake_libc_include/mir_toolkit/client_types.h",
    "lib/python3.9/site-packages/pycparser/utils/fake_libc_include/monetary.h",
    "lib/python3.9/site-packages/pycparser/utils/fake_libc_include/mqueue.h",
    "lib/python3.9/site-packages/pycparser/utils/fake_libc_include/ndbm.h",
    "lib/python3.9/site-packages/pycparser/utils/fake_libc_include/net/if.h",
    "lib/python3.9/site-packages/pycparser/utils/fake_libc_include/netdb.h",
    "lib/python3.9/site-packages/pycparser/utils/fake_libc_include/netinet/in.h",
    "lib/python3.9/site-packages/pycparser/utils/fake_libc_include/netinet/tcp.h",
    "lib/python3.9/site-packages/pycparser/utils/fake_libc_include/newlib.h",
    "lib/python3.9/site-packages/pycparser/utils/fake_libc_include/nl_types.h",
    "lib/python3.9/site-packages/pycparser/utils/fake_libc_include/openssl/err.h",
    "lib/python3.9/site-packages/pycparser/utils/fake_libc_include/openssl/evp.h",
    "lib/python3.9/site-packages/pycparser/utils/fake_libc_include/openssl/hmac.h",
    "lib/python3.9/site-packages/pycparser/utils/fake_libc_include/openssl/ssl.h",
    "lib/python3.9/site-packages/pycparser/utils/fake_libc_include/openssl/x509v3.h",
    "lib/python3.9/site-packages/pycparser/utils/fake_libc_include/paths.h",
    "lib/python3.9/site-packages/pycparser/utils/fake_libc_include/poll.h",
    "lib/python3.9/site-packages/pycparser/utils/fake_libc_include/process.h",
    "lib/python3.9/site-packages/pycparser/utils/fake_libc_include/pthread.h",
    "lib/python3.9/site-packages/pycparser/utils/fake_libc_include/pwd.h",
    "lib/python3.9/site-packages/pycparser/utils/fake_libc_include/reent.h",
    "lib/python3.9/site-packages/pycparser/utils/fake_libc_include/regdef.h",
    "lib/python3.9/site-packages/pycparser/utils/fake_libc_include/regex.h",
    "lib/python3.9/site-packages/pycparser/utils/fake_libc_include/sched.h",
    "lib/python3.9/site-packages/pycparser/utils/fake_libc_include/search.h",
    "lib/python3.9/site-packages/pycparser/utils/fake_libc_include/semaphore.h",
    "lib/python3.9/site-packages/pycparser/utils/fake_libc_include/setjmp.h",
    "lib/python3.9/site-packages/pycparser/utils/fake_libc_include/signal.h",
    "lib/python3.9/site-packages/pycparser/utils/fake_libc_include/smmintrin.h",
    "lib/python3.9/site-packages/pycparser/utils/fake_libc_include/spawn.h",
    "lib/python3.9/site-packages/pycparser/utils/fake_libc_include/stdarg.h",
    "lib/python3.9/site-packages/pycparser/utils/fake_libc_include/stdbool.h",
    "lib/python3.9/site-packages/pycparser/utils/fake_libc_include/stddef.h",
    "lib/python3.9/site-packages/pycparser/utils/fake_libc_include/stdint.h",
    "lib/python3.9/site-packages/pycparser/utils/fake_libc_include/stdio.h",
    "lib/python3.9/site-packages/pycparser/utils/fake_libc_include/stdlib.h",
    "lib/python3.9/site-packages/pycparser/utils/fake_libc_include/string.h",
    "lib/python3.9/site-packages/pycparser/utils/fake_libc_include/strings.h",
    "lib/python3.9/site-packages/pycparser/utils/fake_libc_include/stropts.h",
    "lib/python3.9/site-packages/pycparser/utils/fake_libc_include/sys/ioctl.h",
    "lib/python3.9/site-packages/pycparser/utils/fake_libc_include/sys/ipc.h",
    "lib/python3.9/site-packages/pycparser/utils/fake_libc_include/sys/mman.h",
    "lib/python3.9/site-packages/pycparser/utils/fake_libc_include/sys/msg.h",
    "lib/python3.9/site-packages/pycparser/utils/fake_libc_include/sys/poll.h",
    "lib/python3.9/site-packages/pycparser/utils/fake_libc_include/sys/resource.h",
    "lib/python3.9/site-packages/pycparser/utils/fake_libc_include/sys/select.h",
    "lib/python3.9/site-packages/pycparser/utils/fake_libc_include/sys/sem.h",
    "lib/python3.9/site-packages/pycparser/utils/fake_libc_include/sys/shm.h",
    "lib/python3.9/site-packages/pycparser/utils/fake_libc_include/sys/socket.h",
    "lib/python3.9/site-packages/pycparser/utils/fake_libc_include/sys/stat.h",
    "lib/python3.9/site-packages/pycparser/utils/fake_libc_include/sys/statvfs.h",
    "lib/python3.9/site-packages/pycparser/utils/fake_libc_include/sys/sysctl.h",
    "lib/python3.9/site-packages/pycparser/utils/fake_libc_include/sys/time.h",
    "lib/python3.9/site-packages/pycparser/utils/fake_libc_include/sys/times.h",
    "lib/python3.9/site-packages/pycparser/utils/fake_libc_include/sys/types.h",
    "lib/python3.9/site-packages/pycparser/utils/fake_libc_include/sys/uio.h",
    "lib/python3.9/site-packages/pycparser/utils/fake_libc_include/sys/un.h",
    "lib/python3.9/site-packages/pycparser/utils/fake_libc_include/sys/utsname.h",
    "lib/python3.9/site-packages/pycparser/utils/fake_libc_include/sys/wait.h",
    "lib/python3.9/site-packages/pycparser/utils/fake_libc_include/syslog.h",
    "lib/python3.9/site-packages/pycparser/utils/fake_libc_include/tar.h",
    "lib/python3.9/site-packages/pycparser/utils/fake_libc_include/termios.h",
    "lib/python3.9/site-packages/pycparser/utils/fake_libc_include/tgmath.h",
    "lib/python3.9/site-packages/pycparser/utils/fake_libc_include/time.h",
    "lib/python3.9/site-packages/pycparser/utils/fake_libc_include/trace.h",
    "lib/python3.9/site-packages/pycparser/utils/fake_libc_include/ulimit.h",
    "lib/python3.9/site-packages/pycparser/utils/fake_libc_include/unctrl.h",
    "lib/python3.9/site-packages/pycparser/utils/fake_libc_include/unistd.h",
    "lib/python3.9/site-packages/pycparser/utils/fake_libc_include/utime.h",
    "lib/python3.9/site-packages/pycparser/utils/fake_libc_include/utmp.h",
    "lib/python3.9/site-packages/pycparser/utils/fake_libc_include/utmpx.h",
    "lib/python3.9/site-packages/pycparser/utils/fake_libc_include/wchar.h",
    "lib/python3.9/site-packages/pycparser/utils/fake_libc_include/wctype.h",
    "lib/python3.9/site-packages/pycparser/utils/fake_libc_include/wordexp.h",
    "lib/python3.9/site-packages/pycparser/utils/fake_libc_include/xcb/xcb.h",
    "lib/python3.9/site-packages/pycparser/utils/fake_libc_include/zlib.h",
    "lib/python3.9/site-packages/pycparser/yacctab.py",
    "lib/python3.9/site-packages/pycparser/__pycache__/__init__.cpython-39.pyc",
    "lib/python3.9/site-packages/pycparser/__pycache__/_ast_gen.cpython-39.pyc",
    "lib/python3.9/site-packages/pycparser/__pycache__/_build_tables.cpython-39.pyc",
    "lib/python3.9/site-packages/pycparser/__pycache__/ast_transforms.cpython-39.pyc",
    "lib/python3.9/site-packages/pycparser/__pycache__/c_ast.cpython-39.pyc",
    "lib/python3.9/site-packages/pycparser/__pycache__/c_generator.cpython-39.pyc",
    "lib/python3.9/site-packages/pycparser/__pycache__/c_lexer.cpython-39.pyc",
    "lib/python3.9/site-packages/pycparser/__pycache__/c_parser.cpython-39.pyc",
    "lib/python3.9/site-packages/pycparser/__pycache__/lextab.cpython-39.pyc",
    "lib/python3.9/site-packages/pycparser/ply/__pycache__/__init__.cpython-39.pyc",
    "lib/python3.9/site-packages/pycparser/ply/__pycache__/cpp.cpython-39.pyc",
    "lib/python3.9/site-packages/pycparser/ply/__pycache__/ctokens.cpython-39.pyc",
    "lib/python3.9/site-packages/pycparser/ply/__pycache__/lex.cpython-39.pyc",
    "lib/python3.9/site-packages/pycparser/ply/__pycache__/yacc.cpython-39.pyc",
    "lib/python3.9/site-packages/pycparser/ply/__pycache__/ygen.cpython-39.pyc",
    "lib/python3.9/site-packages/pycparser/__pycache__/plyparser.cpython-39.pyc",
    "lib/python3.9/site-packages/pycparser/__pycache__/yacctab.cpython-39.pyc"
  ],
  "fn": "pycparser-2.20-py_2.conda",
  "legacy_bz2_md5": "bc20c885814700fdc0187918f9aff9ac",
  "legacy_bz2_size": 95951,
  "license": "BSD-3-Clause",
  "link": {
    "source": "/root/venv3.9/pkgs/pycparser-2.20-py_2",
    "type": 1
  },
  "md5": "fcfeb621c6f895f3562ff01d9d6ce959",
  "name": "pycparser",
  "noarch": "python",
  "package_tarball_full_path": "/root/venv3.9/pkgs/pycparser-2.20-py_2.conda",
  "package_type": "noarch_python",
  "paths_data": {
    "paths": [
      {
        "_path": "lib/python3.9/site-packages/pycparser/__pycache__/__init__.cpython-39.pyc",
        "path_type": "pyc_file"
      },
      {
        "_path": "lib/python3.9/site-packages/pycparser/__pycache__/_ast_gen.cpython-39.pyc",
        "path_type": "pyc_file"
      },
      {
        "_path": "lib/python3.9/site-packages/pycparser/__pycache__/_build_tables.cpython-39.pyc",
        "path_type": "pyc_file"
      },
      {
        "_path": "lib/python3.9/site-packages/pycparser/__pycache__/ast_transforms.cpython-39.pyc",
        "path_type": "pyc_file"
      },
      {
        "_path": "lib/python3.9/site-packages/pycparser/__pycache__/c_ast.cpython-39.pyc",
        "path_type": "pyc_file"
      },
      {
        "_path": "lib/python3.9/site-packages/pycparser/__pycache__/c_generator.cpython-39.pyc",
        "path_type": "pyc_file"
      },
      {
        "_path": "lib/python3.9/site-packages/pycparser/__pycache__/c_lexer.cpython-39.pyc",
        "path_type": "pyc_file"
      },
      {
        "_path": "lib/python3.9/site-packages/pycparser/__pycache__/c_parser.cpython-39.pyc",
        "path_type": "pyc_file"
      },
      {
        "_path": "lib/python3.9/site-packages/pycparser/__pycache__/lextab.cpython-39.pyc",
        "path_type": "pyc_file"
      },
      {
        "_path": "lib/python3.9/site-packages/pycparser/ply/__pycache__/__init__.cpython-39.pyc",
        "path_type": "pyc_file"
      },
      {
        "_path": "lib/python3.9/site-packages/pycparser/ply/__pycache__/cpp.cpython-39.pyc",
        "path_type": "pyc_file"
      },
      {
        "_path": "lib/python3.9/site-packages/pycparser/ply/__pycache__/ctokens.cpython-39.pyc",
        "path_type": "pyc_file"
      },
      {
        "_path": "lib/python3.9/site-packages/pycparser/ply/__pycache__/lex.cpython-39.pyc",
        "path_type": "pyc_file"
      },
      {
        "_path": "lib/python3.9/site-packages/pycparser/ply/__pycache__/yacc.cpython-39.pyc",
        "path_type": "pyc_file"
      },
      {
        "_path": "lib/python3.9/site-packages/pycparser/ply/__pycache__/ygen.cpython-39.pyc",
        "path_type": "pyc_file"
      },
      {
        "_path": "lib/python3.9/site-packages/pycparser/__pycache__/plyparser.cpython-39.pyc",
        "path_type": "pyc_file"
      },
      {
        "_path": "lib/python3.9/site-packages/pycparser/__pycache__/yacctab.cpython-39.pyc",
        "path_type": "pyc_file"
      }
    ],
    "paths_version": 1
  },
  "requested_spec": "pycparser==2.20=py_2",
  "sha256": "b166672b541ab2931f98e762dbf1c84fd1d48400f0406d08aae57150d517ceed",
  "size": 96676,
  "subdir": "noarch",
  "timestamp": 1594388539730,
  "track_features": "",
  "url": "https://repo.anaconda.com/pkgs/main/noarch/pycparser-2.20-py_2.conda",
  "version": "2.20"
}