{
  "build": "pyhd3eb1b0_0",
  "build_number": 0,
  "channel": "https://repo.anaconda.com/pkgs/main/noarch",
  "constrains": [],
  "depends": [
    "certifi >=2017.4.17",
    "chardet >=3.0.2,<5",
    "idna >=2.5,<3",
    "python",
    "urllib3 >=1.21.1,<1.27"
  ],
  "extracted_package_dir": "/root/venv3.9/pkgs/requests-2.25.1-pyhd3eb1b0_0",
  "features": "",
  "files": [
    "lib/python3.9/site-packages/requests-2.25.1.dist-info/INSTALLER",
    "lib/python3.9/site-packages/requests-2.25.1.dist-info/LICENSE",
    "lib/python3.9/site-packages/requests-2.25.1.dist-info/METADATA",
    "lib/python3.9/site-packages/requests-2.25.1.dist-info/RECORD",
    "lib/python3.9/site-packages/requests-2.25.1.dist-info/REQUESTED",
    "lib/python3.9/site-packages/requests-2.25.1.dist-info/WHEEL",
    "lib/python3.9/site-packages/requests-2.25.1.dist-info/direct_url.json",
    "lib/python3.9/site-packages/requests-2.25.1.dist-info/top_level.txt",
    "lib/python3.9/site-packages/requests/__init__.py",
    "lib/python3.9/site-packages/requests/__version__.py",
    "lib/python3.9/site-packages/requests/_internal_utils.py",
    "lib/python3.9/site-packages/requests/adapters.py",
    "lib/python3.9/site-packages/requests/api.py",
    "lib/python3.9/site-packages/requests/auth.py",
    "lib/python3.9/site-packages/requests/certs.py",
    "lib/python3.9/site-packages/requests/compat.py",
    "lib/python3.9/site-packages/requests/cookies.py",
    "lib/python3.9/site-packages/requests/exceptions.py",
    "lib/python3.9/site-packages/requests/help.py",
    "lib/python3.9/site-packages/requests/hooks.py",
    "lib/python3.9/site-packages/requests/models.py",
    "lib/python3.9/site-packages/requests/packages.py",
    "lib/python3.9/site-packages/requests/sessions.py",
    "lib/python3.9/site-packages/requests/status_codes.py",
    "lib/python3.9/site-packages/requests/structures.py",
    "lib/python3.9/site-packages/requests/utils.py",
    "lib/python3.9/site-packages/requests/__pycache__/__init__.cpython-39.pyc",
    "lib/python3.9/site-packages/requests/__pycache__/__version__.cpython-39.pyc",
    "lib/python3.9/site-packages/requests/__pycache__/_internal_utils.cpython-39.pyc",
    "lib/python3.9/site-packages/requests/__pycache__/adapters.cpython-39.pyc",
    "lib/python3.9/site-packages/requests/__pycache__/api.cpython-39.pyc",
    "lib/python3.9/site-packages/requests/__pycache__/auth.cpython-39.pyc",
    "lib/python3.9/site-packages/requests/__pycache__/certs.cpython-39.pyc",
    "lib/python3.9/site-packages/requests/__pycache__/compat.cpython-39.pyc",
    "lib/python3.9/site-packages/requests/__pycache__/cookies.cpython-39.pyc",
    "lib/python3.9/site-packages/requests/__pycache__/exceptions.cpython-39.pyc",
    "lib/python3.9/site-packages/requests/__pycache__/help.cpython-39.pyc",
    "lib/python3.9/site-packages/requests/__pycache__/hooks.cpython-39.pyc",
    "lib/python3.9/site-packages/requests/__pycache__/models.cpython-39.pyc",
    "lib/python3.9/site-packages/requests/__pycache__/packages.cpython-39.pyc",
    "lib/python3.9/site-packages/requests/__pycache__/sessions.cpython-39.pyc",
    "lib/python3.9/site-packages/requests/__pycache__/status_codes.cpython-39.pyc",
    "lib/python3.9/site-packages/requests/__pycache__/structures.cpython-39.pyc",
    "lib/python3.9/site-packages/requests/__pycache__/utils.cpython-39.pyc"
  ],
  "fn": "requests-2.25.1-pyhd3eb1b0_0.conda",
  "legacy_bz2_md5": "b403001a8842763085ec42a635ab8a64",
  "license": "Apache-2.0",
  "link": {
    "source": "/root/venv3.9/pkgs/requests-2.25.1-pyhd3eb1b0_0",
    "type": 1
  },
  "md5": "9d30b41b315403c7c74793b9b8d88580",
  "name": "requests",
  "noarch": "python",
  "package_tarball_full_path": "/root/venv3.9/pkgs/requests-2.25.1-pyhd3eb1b0_0.conda",
  "package_type": "noarch_python",
  "paths_data": {
    "paths": [
      {
        "_path": "site-packages/requests-2.25.1.dist-info/INSTALLER",
        "path_type": "hardlink",
        "sha256": "d0edee15f91b406f3f99726e44eb990be6e34fd0345b52b910c568e0eef6a2a8",
        "sha256_in_prefix": "d0edee15f91b406f3f99726e44eb990be6e34fd0345b52b910c568e0eef6a2a8",
        "size_in_bytes": 5
      },
      {
        "_path": "site-packages/requests-2.25.1.dist-info/LICENSE",
        "path_type": "hardlink",
        "sha256": "09e8a9bcec8067104652c168685ab0931e7868f9c8284b66f5ae6edae5f1130b",
        "sha256_in_prefix": "09e8a9bcec8067104652c168685ab0931e7868f9c8284b66f5ae6edae5f1130b",
        "size_in_bytes": 10142
      },
      {
        "_path": "site-packages/requests-2.25.1.dist-info/METADATA",
        "path_type": "hardlink",
        "sha256": "46e361dfcb8dd0832c453dcec1a4cd07f5b21b1e91330c10a0cc2e8d77e45153",
        "sha256_in_prefix": "46e361dfcb8dd0832c453dcec1a4cd07f5b21b1e91330c10a0cc2e8d77e45153",
        "size_in_bytes": 4168
      },
      {
        "_path": "site-packages/requests-2.25.1.dist-info/RECORD",
        "path_type": "hardlink",
        "sha256": "78176e38113d4678c1f5148ba11f900e2de366055b538ee9d08f40a0eec3f0cc",
        "sha256_in_prefix": "78176e38113d4678c1f5148ba11f900e2de366055b538ee9d08f40a0eec3f0cc",
        "size_in_bytes": 2931
      },
      {
        "_path": "site-packages/requests-2.25.1.dist-info/REQUESTED",
        "path_type": "hardlink",
        "sha256": "e3b0c44298fc1c149afbf4c8996fb92427ae41e4649b934ca495991b7852b855",
        "sha256_in_prefix": "e3b0c44298fc1c149afbf4c8996fb92427ae41e4649b934ca495991b7852b855",
        "size_in_bytes": 0
      },
      {
        "_path": "site-packages/requests-2.25.1.dist-info/WHEEL",
        "path_type": "hardlink",
        "sha256": "67e9f2629c2b712ab17ddbb1e4c6e7fc3439db988fec9d831b72601af398c934",
        "sha256_in_prefix": "67e9f2629c2b712ab17ddbb1e4c6e7fc3439db988fec9d831b72601af398c934",
        "size_in_bytes": 110
      },
      {
        "_path": "site-packages/requests-2.25.1.dist-info/direct_url.json",
        "path_type": "hardlink",
        "sha256": "d70c9916b423e07b1efb8889082b2819bd8b0267fbcb2a75df22abfd3d0c795e",
        "sha256_in_prefix": "d70c9916b423e07b1efb8889082b2819bd8b0267fbcb2a75df22abfd3d0c795e",
        "size_in_bytes": 81
      },
      {
        "_path": "site-packages/requests-2.25.1.dist-info/top_level.txt",
        "path_type": "hardlink",
        "sha256": "7cc4959877dbe6b6c63a8eb1bfe3bfb545fa8fe5b28b1b2c13e4a7c1c0d1c4d4",
        "sha256_in_prefix": "7cc4959877dbe6b6c63a8eb1bfe3bfb545fa8fe5b28b1b2c13e4a7c1c0d1c4d4",
        "size_in_bytes": 9
      },
      {
        "_path": "site-packages/requests/__init__.py",
        "path_type": "hardlink",
        "sha256": "aec9a0ef199b6c213fce60dc1ba10393fa72bdd11f69dced741696224227947f",
        "sha256_in_prefix": "aec9a0ef199b6c213fce60dc1ba10393fa72bdd11f69dced741696224227947f",
        "size_in_bytes": 4141
      },
      {
        "_path": "site-packages/requests/__version__.py",
        "path_type": "hardlink",
        "sha256": "93827c735c85445cf0196c2537b9a268339c945b5b708b351a59e64f5ed86d74",
        "sha256_in_prefix": "93827c735c85445cf0196c2537b9a268339c945b5b708b351a59e64f5ed86d74",
        "size_in_bytes": 441
      },
      {
        "_path": "site-packages/requests/_internal_utils.py",
        "path_type": "hardlink",
        "sha256": "671dcf9c451c7327ec07e89ed759d95405bca82949cb4831d6a34c13bae04f5f",
        "sha256_in_prefix": "671dcf9c451c7327ec07e89ed759d95405bca82949cb4831d6a34c13bae04f5f",
        "size_in_bytes": 1096
      },
      {
        "_path": "site-packages/requests/adapters.py",
        "path_type": "hardlink",
        "sha256": "59e95233504241775b8c4b83b01c6a283003798f011e6c65af06cd9cb376aebe",
        "sha256_in_prefix": "59e95233504241775b8c4b83b01c6a283003798f011e6c65af06cd9cb376aebe",
        "size_in_bytes": 21344
      },
      {
        "_path": "site-packages/requests/api.py",
        "path_type": "hardlink",
        "sha256": "3e51ccf874f73d0e65cae7e8786995fa7271462ed49d4c86561ece57b07d5d5e",
        "sha256_in_prefix": "3e51ccf874f73d0e65cae7e8786995fa7271462ed49d4c86561ece57b07d5d5e",
        "size_in_bytes": 6496
      },
      {
        "_path": "site-packages/requests/auth.py",
        "path_type": "hardlink",
        "sha256": "38ca092152b244bcbd4c7afdd72f2bc72b19b9c9703c1f8ad57835cc1a265214",
        "sha256_in_prefix": "38ca092152b244bcbd4c7afdd72f2bc72b19b9c9703c1f8ad57835cc1a265214",
        "size_in_bytes": 10207
      },
      {
        "_path": "site-packages/requests/certs.py",
        "path_type": "hardlink",
        "sha256": "74e079ad5d83675ddd121abd0546bfe21779900aa0e7d7bfcd4641d347da633f",
        "sha256_in_prefix": "74e079ad5d83675ddd121abd0546bfe21779900aa0e7d7bfcd4641d347da633f",
        "size_in_bytes": 453
      },
      {
        "_path": "site-packages/requests/compat.py",
        "path_type": "hardlink",
        "sha256": "88146fbbe5f9e34087e0f26cbb1af4bdc1939e5fd3661abfef94b099e72443bc",
        "sha256_in_prefix": "88146fbbe5f9e34087e0f26cbb1af4bdc1939e5fd3661abfef94b099e72443bc",
        "size_in_bytes": 1782
      },
      {
        "_path": "site-packages/requests/cookies.py",
        "path_type": "hardlink",
        "sha256": "63e6ca5fa4ef5b716762513a02ed125ed55559c68d745bee030431c3e1b48932",
        "sha256_in_prefix": "63e6ca5fa4ef5b716762513a02ed125ed55559c68d745bee030431c3e1b48932",
        "size_in_bytes": 18430
      },
      {
        "_path": "site-packages/requests/exceptions.py",
        "path_type": "hardlink",
        "sha256": "c57a23d6b7619f14d2fc362984a67d3af159250677df703ae1111cf590d92205",
        "sha256_in_prefix": "c57a23d6b7619f14d2fc362984a67d3af159250677df703ae1111cf590d92205",
        "size_in_bytes": 3161
      },
      {
        "_path": "site-packages/requests/help.py",
        "path_type": "hardlink",
        "sha256": "94b701b4a01aafc4fa4fbf1ef5373865f77f104245867b718226f524735cb442",
        "sha256_in_prefix": "94b701b4a01aafc4fa4fbf1ef5373865f77f104245867b718226f524735cb442",
        "size_in_bytes": 3515
      },
      {
        "_path": "site-packages/requests/hooks.py",
        "path_type": "hardlink",
        "sha256": "411786cb2d1b45caf9ae4c02b8e6cd6a46d8b1cec492229e0701b8a877a4af64",
        "sha256_in_prefix": "411786cb2d1b45caf9ae4c02b8e6cd6a46d8b1cec492229e0701b8a877a4af64",
        "size_in_bytes": 757
      },
      {
        "_path": "site-packages/requests/models.py",
        "path_type": "hardlink",
        "sha256": "5216f845afee6cd1817feea4b474a180ee6651208664a6b90ffc0b19508cb589",
        "sha256_in_prefix": "5216f845afee6cd1817feea4b474a180ee6651208664a6b90ffc0b19508cb589",
        "size_in_bytes": 34308
      },
      {
        "_path": "site-packages/requests/packages.py",
        "path_type": "hardlink",
        "sha256": "436ac5d0be66737c1002f73aabf94056d3d30ce68e785803fbb9164902e48c44",
        "sha256_in_prefix": "436ac5d0be66737c1002f73aabf94056d3d30ce68e785803fbb9164902e48c44",
        "size_in_bytes": 542
      },
      {
        "_path": "site-packages/requests/sessions.py",
        "path_type": "hardlink",
        "sha256": "06c9d1fb36082e0a05cc9eb2ab84fc86dfe2d0fc303c6540c56c56695e5d7078",
        "sha256_in_prefix": "06c9d1fb36082e0a05cc9eb2ab84fc86dfe2d0fc303c6540c56c56695e5d7078",
        "size_in_bytes": 30137
      },
      {
        "_path": "site-packages/requests/status_codes.py",
        "path_type": "hardlink",
        "sha256": "813efd3dbb3f7108c1829f9fbeb520835767d8340edf66c38f84c89e39cc3d27",
        "sha256_in_prefix": "813efd3dbb3f7108c1829f9fbeb520835767d8340edf66c38f84c89e39cc3d27",
        "size_in_bytes": 4188
      },
      {
        "_path": "site-packages/requests/structures.py",
        "path_type": "hardlink",
        "sha256": "9ac02dafd9aad49c4777e251ca220b7dd165a5b270bef16e3f7adf5104ff4311",
        "sha256_in_prefix": "9ac02dafd9aad49c4777e251ca220b7dd165a5b270bef16e3f7adf5104ff4311",
        "size_in_bytes": 3005
      },
      {
        "_path": "site-packages/requests/utils.py",
        "path_type": "hardlink",
        "sha256": "fcaf4082437a79f3def9afb3819bab5f376ce4f042d02cc39328c0136a024054",
        "sha256_in_prefix": "fcaf4082437a79f3def9afb3819bab5f376ce4f042d02cc39328c0136a024054",
        "size_in_bytes": 30529
      },
      {
        "_path": "lib/python3.9/site-packages/requests/__pycache__/__init__.cpython-39.pyc",
        "path_type": "pyc_file"
      },
      {
        "_path": "lib/python3.9/site-packages/requests/__pycache__/__version__.cpython-39.pyc",
        "path_type": "pyc_file"
      },
      {
        "_path": "lib/python3.9/site-packages/requests/__pycache__/_internal_utils.cpython-39.pyc",
        "path_type": "pyc_file"
      },
      {
        "_path": "lib/python3.9/site-packages/requests/__pycache__/adapters.cpython-39.pyc",
        "path_type": "pyc_file"
      },
      {
        "_path": "lib/python3.9/site-packages/requests/__pycache__/api.cpython-39.pyc",
        "path_type": "pyc_file"
      },
      {
        "_path": "lib/python3.9/site-packages/requests/__pycache__/auth.cpython-39.pyc",
        "path_type": "pyc_file"
      },
      {
        "_path": "lib/python3.9/site-packages/requests/__pycache__/certs.cpython-39.pyc",
        "path_type": "pyc_file"
      },
      {
        "_path": "lib/python3.9/site-packages/requests/__pycache__/compat.cpython-39.pyc",
        "path_type": "pyc_file"
      },
      {
        "_path": "lib/python3.9/site-packages/requests/__pycache__/cookies.cpython-39.pyc",
        "path_type": "pyc_file"
      },
      {
        "_path": "lib/python3.9/site-packages/requests/__pycache__/exceptions.cpython-39.pyc",
        "path_type": "pyc_file"
      },
      {
        "_path": "lib/python3.9/site-packages/requests/__pycache__/help.cpython-39.pyc",
        "path_type": "pyc_file"
      },
      {
        "_path": "lib/python3.9/site-packages/requests/__pycache__/hooks.cpython-39.pyc",
        "path_type": "pyc_file"
      },
      {
        "_path": "lib/python3.9/site-packages/requests/__pycache__/models.cpython-39.pyc",
        "path_type": "pyc_file"
      },
      {
        "_path": "lib/python3.9/site-packages/requests/__pycache__/packages.cpython-39.pyc",
        "path_type": "pyc_file"
      },
      {
        "_path": "lib/python3.9/site-packages/requests/__pycache__/sessions.cpython-39.pyc",
        "path_type": "pyc_file"
      },
      {
        "_path": "lib/python3.9/site-packages/requests/__pycache__/status_codes.cpython-39.pyc",
        "path_type": "pyc_file"
      },
      {
        "_path": "lib/python3.9/site-packages/requests/__pycache__/structures.cpython-39.pyc",
        "path_type": "pyc_file"
      },
      {
        "_path": "lib/python3.9/site-packages/requests/__pycache__/utils.cpython-39.pyc",
        "path_type": "pyc_file"
      }
    ],
    "paths_version": 1
  },
  "requested_spec": "None",
  "sha256": "bafbd058e982376384088ca8264aa5f2e2e57f2c74c5d7c110ff203f069a9625",
  "size": 53705,
  "subdir": "noarch",
  "timestamp": 1608241453837,
  "track_features": "",
  "url": "https://repo.anaconda.com/pkgs/main/noarch/requests-2.25.1-pyhd3eb1b0_0.conda",
  "version": "2.25.1"
}