{
  "build": "py39h27cfd23_0",
  "build_number": 0,
  "channel": "https://repo.anaconda.com/pkgs/main/linux-64",
  "constrains": [],
  "depends": [
    "libgcc-ng >=7.3.0",
    "python >=3.9,<3.10.0a0",
    "yaml >=0.2.5,<0.3.0a0"
  ],
  "extracted_package_dir": "/root/venv3.9/pkgs/ruamel_yaml-0.15.100-py39h27cfd23_0",
  "features": "",
  "files": [
    "lib/python3.9/site-packages/ruamel_yaml/__init__.py",
    "lib/python3.9/site-packages/ruamel_yaml/__pycache__/__init__.cpython-39.pyc",
    "lib/python3.9/site-packages/ruamel_yaml/__pycache__/anchor.cpython-39.pyc",
    "lib/python3.9/site-packages/ruamel_yaml/__pycache__/comments.cpython-39.pyc",
    "lib/python3.9/site-packages/ruamel_yaml/__pycache__/compat.cpython-39.pyc",
    "lib/python3.9/site-packages/ruamel_yaml/__pycache__/composer.cpython-39.pyc",
    "lib/python3.9/site-packages/ruamel_yaml/__pycache__/configobjwalker.cpython-39.pyc",
    "lib/python3.9/site-packages/ruamel_yaml/__pycache__/constructor.cpython-39.pyc",
    "lib/python3.9/site-packages/ruamel_yaml/__pycache__/cyaml.cpython-39.pyc",
    "lib/python3.9/site-packages/ruamel_yaml/__pycache__/dumper.cpython-39.pyc",
    "lib/python3.9/site-packages/ruamel_yaml/__pycache__/emitter.cpython-39.pyc",
    "lib/python3.9/site-packages/ruamel_yaml/__pycache__/error.cpython-39.pyc",
    "lib/python3.9/site-packages/ruamel_yaml/__pycache__/events.cpython-39.pyc",
    "lib/python3.9/site-packages/ruamel_yaml/__pycache__/loader.cpython-39.pyc",
    "lib/python3.9/site-packages/ruamel_yaml/__pycache__/main.cpython-39.pyc",
    "lib/python3.9/site-packages/ruamel_yaml/__pycache__/nodes.cpython-39.pyc",
    "lib/python3.9/site-packages/ruamel_yaml/__pycache__/parser.cpython-39.pyc",
    "lib/python3.9/site-packages/ruamel_yaml/__pycache__/reader.cpython-39.pyc",
    "lib/python3.9/site-packages/ruamel_yaml/__pycache__/representer.cpython-39.pyc",
    "lib/python3.9/site-packages/ruamel_yaml/__pycache__/resolver.cpython-39.pyc",
    "lib/python3.9/site-packages/ruamel_yaml/__pycache__/scalarbool.cpython-39.pyc",
    "lib/python3.9/site-packages/ruamel_yaml/__pycache__/scalarfloat.cpython-39.pyc",
    "lib/python3.9/site-packages/ruamel_yaml/__pycache__/scalarint.cpython-39.pyc",
    "lib/python3.9/site-packages/ruamel_yaml/__pycache__/scalarstring.cpython-39.pyc",
    "lib/python3.9/site-packages/ruamel_yaml/__pycache__/scanner.cpython-39.pyc",
    "lib/python3.9/site-packages/ruamel_yaml/__pycache__/serializer.cpython-39.pyc",
    "lib/python3.9/site-packages/ruamel_yaml/__pycache__/timestamp.cpython-39.pyc",
    "lib/python3.9/site-packages/ruamel_yaml/__pycache__/tokens.cpython-39.pyc",
    "lib/python3.9/site-packages/ruamel_yaml/__pycache__/util.cpython-39.pyc",
    "lib/python3.9/site-packages/ruamel_yaml/anchor.py",
    "lib/python3.9/site-packages/ruamel_yaml/comments.py",
    "lib/python3.9/site-packages/ruamel_yaml/compat.py",
    "lib/python3.9/site-packages/ruamel_yaml/composer.py",
    "lib/python3.9/site-packages/ruamel_yaml/configobjwalker.py",
    "lib/python3.9/site-packages/ruamel_yaml/constructor.py",
    "lib/python3.9/site-packages/ruamel_yaml/cyaml.py",
    "lib/python3.9/site-packages/ruamel_yaml/dumper.py",
    "lib/python3.9/site-packages/ruamel_yaml/emitter.py",
    "lib/python3.9/site-packages/ruamel_yaml/error.py",
    "lib/python3.9/site-packages/ruamel_yaml/events.py",
    "lib/python3.9/site-packages/ruamel_yaml/ext/__init__.py",
    "lib/python3.9/site-packages/ruamel_yaml/ext/__pycache__/__init__.cpython-39.pyc",
    "lib/python3.9/site-packages/ruamel_yaml/ext/_ruamel_yaml.cpython-39-x86_64-linux-gnu.so",
    "lib/python3.9/site-packages/ruamel_yaml/loader.py",
    "lib/python3.9/site-packages/ruamel_yaml/main.py",
    "lib/python3.9/site-packages/ruamel_yaml/nodes.py",
    "lib/python3.9/site-packages/ruamel_yaml/parser.py",
    "lib/python3.9/site-packages/ruamel_yaml/reader.py",
    "lib/python3.9/site-packages/ruamel_yaml/representer.py",
    "lib/python3.9/site-packages/ruamel_yaml/resolver.py",
    "lib/python3.9/site-packages/ruamel_yaml/scalarbool.py",
    "lib/python3.9/site-packages/ruamel_yaml/scalarfloat.py",
    "lib/python3.9/site-packages/ruamel_yaml/scalarint.py",
    "lib/python3.9/site-packages/ruamel_yaml/scalarstring.py",
    "lib/python3.9/site-packages/ruamel_yaml/scanner.py",
    "lib/python3.9/site-packages/ruamel_yaml/serializer.py",
    "lib/python3.9/site-packages/ruamel_yaml/timestamp.py",
    "lib/python3.9/site-packages/ruamel_yaml/tokens.py",
    "lib/python3.9/site-packages/ruamel_yaml/util.py",
    "lib/python3.9/site-packages/ruamel_yaml_conda-0.15.100.dist-info/INSTALLER",
    "lib/python3.9/site-packages/ruamel_yaml_conda-0.15.100.dist-info/LICENSE",
    "lib/python3.9/site-packages/ruamel_yaml_conda-0.15.100.dist-info/METADATA",
    "lib/python3.9/site-packages/ruamel_yaml_conda-0.15.100.dist-info/RECORD",
    "lib/python3.9/site-packages/ruamel_yaml_conda-0.15.100.dist-info/REQUESTED",
    "lib/python3.9/site-packages/ruamel_yaml_conda-0.15.100.dist-info/WHEEL",
    "lib/python3.9/site-packages/ruamel_yaml_conda-0.15.100.dist-info/direct_url.json",
    "lib/python3.9/site-packages/ruamel_yaml_conda-0.15.100.dist-info/top_level.txt"
  ],
  "fn": "ruamel_yaml-0.15.100-py39h27cfd23_0.conda",
  "legacy_bz2_md5": "d64a100cf9631996a8ea6b5720556e90",
  "license": "MIT",
  "license_family": "MIT",
  "link": {
    "source": "/root/venv3.9/pkgs/ruamel_yaml-0.15.100-py39h27cfd23_0",
    "type": 1
  },
  "md5": "5ba3d94b0c7b349f0170c3bb62300f58",
  "name": "ruamel_yaml",
  "package_tarball_full_path": "/root/venv3.9/pkgs/ruamel_yaml-0.15.100-py39h27cfd23_0.conda",
  "paths_data": {
    "paths": [
      {
        "_path": "lib/python3.9/site-packages/ruamel_yaml/__init__.py",
        "path_type": "hardlink",
        "sha256": "48255aa8cb02632af82b8666d6e5525ea635829a27340b05d3c764873584fdac",
        "sha256_in_prefix": "48255aa8cb02632af82b8666d6e5525ea635829a27340b05d3c764873584fdac",
        "size_in_bytes": 793
      },
      {
        "_path": "lib/python3.9/site-packages/ruamel_yaml/__pycache__/__init__.cpython-39.pyc",
        "path_type": "hardlink",
        "sha256": "baccaae31ef1bba4713641aa4b0715e0faf994ab3c39d739732e546f3a3c9803",
        "sha256_in_prefix": "baccaae31ef1bba4713641aa4b0715e0faf994ab3c39d739732e546f3a3c9803",
        "size_in_bytes": 869
      },
      {
        "_path": "lib/python3.9/site-packages/ruamel_yaml/__pycache__/anchor.cpython-39.pyc",
        "path_type": "hardlink",
        "sha256": "bdb78c4636013449a52400602dd25b8534ff0f7a1ebb0e05eb28c0cc3a71ad7c",
        "sha256_in_prefix": "bdb78c4636013449a52400602dd25b8534ff0f7a1ebb0e05eb28c0cc3a71ad7c",
        "size_in_bytes": 522
      },
      {
        "_path": "lib/python3.9/site-packages/ruamel_yaml/__pycache__/comments.cpython-39.pyc",
        "path_type": "hardlink",
        "sha256": "afb52f035f0f0164da4a76db1acd4f8bacbad753b2ace776f98e0bbdde42a9f4",
        "sha256_in_prefix": "afb52f035f0f0164da4a76db1acd4f8bacbad753b2ace776f98e0bbdde42a9f4",
        "size_in_bytes": 32109
      },
      {
        "_path": "lib/python3.9/site-packages/ruamel_yaml/__pycache__/compat.cpython-39.pyc",
        "path_type": "hardlink",
        "sha256": "0aaf3817cae059134ebd23f416e1f4b1454a5e5035f10e370c9ee87f51f0e87a",
        "sha256_in_prefix": "0aaf3817cae059134ebd23f416e1f4b1454a5e5035f10e370c9ee87f51f0e87a",
        "size_in_bytes": 7394
      },
      {
        "_path": "lib/python3.9/site-packages/ruamel_yaml/__pycache__/composer.cpython-39.pyc",
        "path_type": "hardlink",
        "sha256": "f56a5e553233fb4c598f069f0d4c923e300f27e458f09fef4d82e1b8894b3a0a",
        "sha256_in_prefix": "f56a5e553233fb4c598f069f0d4c923e300f27e458f09fef4d82e1b8894b3a0a",
        "size_in_bytes": 5194
      },
      {
        "_path": "lib/python3.9/site-packages/ruamel_yaml/__pycache__/configobjwalker.cpython-39.pyc",
        "path_type": "hardlink",
        "sha256": "e253bc97dfa52cfdd20441ac664ab1aba6b2c20d588fa124015580dd3b382515",
        "sha256_in_prefix": "e253bc97dfa52cfdd20441ac664ab1aba6b2c20d588fa124015580dd3b382515",
        "size_in_bytes": 450
      },
      {
        "_path": "lib/python3.9/site-packages/ruamel_yaml/__pycache__/constructor.cpython-39.pyc",
        "path_type": "hardlink",
        "sha256": "235b2a39b5bdd7696b77cd9772c303935f48328510cf10279d4a72b67663dbc5",
        "sha256_in_prefix": "235b2a39b5bdd7696b77cd9772c303935f48328510cf10279d4a72b67663dbc5",
        "size_in_bytes": 38128
      },
      {
        "_path": "lib/python3.9/site-packages/ruamel_yaml/__pycache__/cyaml.cpython-39.pyc",
        "path_type": "hardlink",
        "sha256": "5688274b63e850a7288c6b6374f9ac5fe388fd438bd9b632d36b76fada6e0ef9",
        "sha256_in_prefix": "5688274b63e850a7288c6b6374f9ac5fe388fd438bd9b632d36b76fada6e0ef9",
        "size_in_bytes": 3424
      },
      {
        "_path": "lib/python3.9/site-packages/ruamel_yaml/__pycache__/dumper.cpython-39.pyc",
        "path_type": "hardlink",
        "sha256": "62a038bd612a7bb0b8d5c41045fc5e257b6871cb4e6d3a38f2a6437efb329ebe",
        "sha256_in_prefix": "62a038bd612a7bb0b8d5c41045fc5e257b6871cb4e6d3a38f2a6437efb329ebe",
        "size_in_bytes": 2863
      },
      {
        "_path": "lib/python3.9/site-packages/ruamel_yaml/__pycache__/emitter.cpython-39.pyc",
        "path_type": "hardlink",
        "sha256": "81c3c05612f017ec9067adb31d417a81c9e332452befd74134213d18c1f56e00",
        "sha256_in_prefix": "81c3c05612f017ec9067adb31d417a81c9e332452befd74134213d18c1f56e00",
        "size_in_bytes": 32987
      },
      {
        "_path": "lib/python3.9/site-packages/ruamel_yaml/__pycache__/error.cpython-39.pyc",
        "path_type": "hardlink",
        "sha256": "234dfac471d4f977cde4ec0c1f8cb52340b97aef0ae016b1a91d3d05bce00f7e",
        "sha256_in_prefix": "234dfac471d4f977cde4ec0c1f8cb52340b97aef0ae016b1a91d3d05bce00f7e",
        "size_in_bytes": 7682
      },
      {
        "_path": "lib/python3.9/site-packages/ruamel_yaml/__pycache__/events.cpython-39.pyc",
        "path_type": "hardlink",
        "sha256": "e1181317d75d25e33cb7cb8e7bac151b52f90f86eb54aea86010b38bf0cc07c8",
        "sha256_in_prefix": "e1181317d75d25e33cb7cb8e7bac151b52f90f86eb54aea86010b38bf0cc07c8",
        "size_in_bytes": 4527
      },
      {
        "_path": "lib/python3.9/site-packages/ruamel_yaml/__pycache__/loader.cpython-39.pyc",
        "path_type": "hardlink",
        "sha256": "379bca161695a0da455a3dc7522709d2686390bfb2bc0dbc0e0f9973310c55f0",
        "sha256_in_prefix": "379bca161695a0da455a3dc7522709d2686390bfb2bc0dbc0e0f9973310c55f0",
        "size_in_bytes": 2398
      },
      {
        "_path": "lib/python3.9/site-packages/ruamel_yaml/__pycache__/main.cpython-39.pyc",
        "path_type": "hardlink",
        "sha256": "52f35d74378195cfd6460473299107be8600e76ba0523d4762866d0267e88fbc",
        "sha256_in_prefix": "52f35d74378195cfd6460473299107be8600e76ba0523d4762866d0267e88fbc",
        "size_in_bytes": 32112
      },
      {
        "_path": "lib/python3.9/site-packages/ruamel_yaml/__pycache__/nodes.cpython-39.pyc",
        "path_type": "hardlink",
        "sha256": "cf2944da82dbd564b2348c8cf97c2fa4db99148b5e35cf404ddc78bf46936893",
        "sha256_in_prefix": "cf2944da82dbd564b2348c8cf97c2fa4db99148b5e35cf404ddc78bf46936893",
        "size_in_bytes": 3004
      },
      {
        "_path": "lib/python3.9/site-packages/ruamel_yaml/__pycache__/parser.cpython-39.pyc",
        "path_type": "hardlink",
        "sha256": "9e11aa305948e9e9fb5efe75762d7e38d1b8f52b57470f25dc4f2508ee9e1947",
        "sha256_in_prefix": "9e11aa305948e9e9fb5efe75762d7e38d1b8f52b57470f25dc4f2508ee9e1947",
        "size_in_bytes": 14649
      },
      {
        "_path": "lib/python3.9/site-packages/ruamel_yaml/__pycache__/reader.cpython-39.pyc",
        "path_type": "hardlink",
        "sha256": "db9ea46b985e2549e6a6c80e4bdf53a53348109ca67bffc1d2a7516b219dadc2",
        "sha256_in_prefix": "db9ea46b985e2549e6a6c80e4bdf53a53348109ca67bffc1d2a7516b219dadc2",
        "size_in_bytes": 6941
      },
      {
        "_path": "lib/python3.9/site-packages/ruamel_yaml/__pycache__/representer.cpython-39.pyc",
        "path_type": "hardlink",
        "sha256": "63727b58e3e53ae59cdda62f853def4c7f7f2bed8a1e87fd5f2ee02e26ebae7d",
        "sha256_in_prefix": "63727b58e3e53ae59cdda62f853def4c7f7f2bed8a1e87fd5f2ee02e26ebae7d",
        "size_in_bytes": 27755
      },
      {
        "_path": "lib/python3.9/site-packages/ruamel_yaml/__pycache__/resolver.cpython-39.pyc",
        "path_type": "hardlink",
        "sha256": "931930293255805ec00add9bfa886ffe2d81484ca7cac4ddb759c51b995048bd",
        "sha256_in_prefix": "931930293255805ec00add9bfa886ffe2d81484ca7cac4ddb759c51b995048bd",
        "size_in_bytes": 9772
      },
      {
        "_path": "lib/python3.9/site-packages/ruamel_yaml/__pycache__/scalarbool.cpython-39.pyc",
        "path_type": "hardlink",
        "sha256": "642d325366a9ec06e21e1e4daacb634e25da45876a9f4a0c61fc5997ae11b1df",
        "sha256_in_prefix": "642d325366a9ec06e21e1e4daacb634e25da45876a9f4a0c61fc5997ae11b1df",
        "size_in_bytes": 1371
      },
      {
        "_path": "lib/python3.9/site-packages/ruamel_yaml/__pycache__/scalarfloat.cpython-39.pyc",
        "path_type": "hardlink",
        "sha256": "08ccbbc58ac9c5fd3730ac4641419a309b7f750a15bfb9d6b4e8caad8755f6e3",
        "sha256_in_prefix": "08ccbbc58ac9c5fd3730ac4641419a309b7f750a15bfb9d6b4e8caad8755f6e3",
        "size_in_bytes": 3528
      },
      {
        "_path": "lib/python3.9/site-packages/ruamel_yaml/__pycache__/scalarint.cpython-39.pyc",
        "path_type": "hardlink",
        "sha256": "a5cadc496f03ee30c8d4db0228cbe2d91d57546ec60cdafe07d65aa35aee480e",
        "sha256_in_prefix": "a5cadc496f03ee30c8d4db0228cbe2d91d57546ec60cdafe07d65aa35aee480e",
        "size_in_bytes": 3902
      },
      {
        "_path": "lib/python3.9/site-packages/ruamel_yaml/__pycache__/scalarstring.cpython-39.pyc",
        "path_type": "hardlink",
        "sha256": "7a77e13ede56c598fe5ab73d523cabb22883a163ea25d5de82f5fa705335743d",
        "sha256_in_prefix": "7a77e13ede56c598fe5ab73d523cabb22883a163ea25d5de82f5fa705335743d",
        "size_in_bytes": 4343
      },
      {
        "_path": "lib/python3.9/site-packages/ruamel_yaml/__pycache__/scanner.cpython-39.pyc",
        "path_type": "hardlink",
        "sha256": "995cf91483e2c2bc01cc0760a8a0e2d610eb01af23f3761601c6bd26e4569f62",
        "sha256_in_prefix": "995cf91483e2c2bc01cc0760a8a0e2d610eb01af23f3761601c6bd26e4569f62",
        "size_in_bytes": 33002
      },
      {
        "_path": "lib/python3.9/site-packages/ruamel_yaml/__pycache__/serializer.cpython-39.pyc",
        "path_type": "hardlink",
        "sha256": "8795900dc0d84de790cb125490493f5c9d1fb538d02a5b447f48632cdd5673fb",
        "sha256_in_prefix": "8795900dc0d84de790cb125490493f5c9d1fb538d02a5b447f48632cdd5673fb",
        "size_in_bytes": 5201
      },
      {
        "_path": "lib/python3.9/site-packages/ruamel_yaml/__pycache__/timestamp.cpython-39.pyc",
        "path_type": "hardlink",
        "sha256": "93b8d7d7ad10693529537510e22a6231cde6d5f3be04642c7a2694a27eadd517",
        "sha256_in_prefix": "93b8d7d7ad10693529537510e22a6231cde6d5f3be04642c7a2694a27eadd517",
        "size_in_bytes": 1071
      },
      {
        "_path": "lib/python3.9/site-packages/ruamel_yaml/__pycache__/tokens.cpython-39.pyc",
        "path_type": "hardlink",
        "sha256": "0cba954d24bc31a66e5f5c6771f101bb4f6d926a3e688bd625062dc52c5aff73",
        "sha256_in_prefix": "0cba954d24bc31a66e5f5c6771f101bb4f6d926a3e688bd625062dc52c5aff73",
        "size_in_bytes": 8433
      },
      {
        "_path": "lib/python3.9/site-packages/ruamel_yaml/__pycache__/util.cpython-39.pyc",
        "path_type": "hardlink",
        "sha256": "626e0b875880fa62d6283feb25649534ad701c510dc95eba8ee52a8c8bf9c449",
        "sha256_in_prefix": "626e0b875880fa62d6283feb25649534ad701c510dc95eba8ee52a8c8bf9c449",
        "size_in_bytes": 4595
      },
      {
        "_path": "lib/python3.9/site-packages/ruamel_yaml/anchor.py",
        "path_type": "hardlink",
        "sha256": "2111a2abbc1ad039edd24d7912f48ac18c876487d6443144ab430339f14b3771",
        "sha256_in_prefix": "2111a2abbc1ad039edd24d7912f48ac18c876487d6443144ab430339f14b3771",
        "size_in_bytes": 234
      },
      {
        "_path": "lib/python3.9/site-packages/ruamel_yaml/comments.py",
        "path_type": "hardlink",
        "sha256": "fdbb2dcb525ea52717a77122960b807140569f8174ce8f76d4fa4352a6f3f6b1",
        "sha256_in_prefix": "fdbb2dcb525ea52717a77122960b807140569f8174ce8f76d4fa4352a6f3f6b1",
        "size_in_bytes": 34862
      },
      {
        "_path": "lib/python3.9/site-packages/ruamel_yaml/compat.py",
        "path_type": "hardlink",
        "sha256": "63012a35a85e6707b8ec7ed250892fe6f3856763a50cb7364198c6341203fc96",
        "sha256_in_prefix": "63012a35a85e6707b8ec7ed250892fe6f3856763a50cb7364198c6341203fc96",
        "size_in_bytes": 8580
      },
      {
        "_path": "lib/python3.9/site-packages/ruamel_yaml/composer.py",
        "path_type": "hardlink",
        "sha256": "1ec4364d8cfc9383394d3bbbe7c23851298b9413851d182e18cf017be7c5276a",
        "sha256_in_prefix": "1ec4364d8cfc9383394d3bbbe7c23851298b9413851d182e18cf017be7c5276a",
        "size_in_bytes": 8292
      },
      {
        "_path": "lib/python3.9/site-packages/ruamel_yaml/configobjwalker.py",
        "path_type": "hardlink",
        "sha256": "d70b13b4e5c5fb4856186df83c517efb086d110516f2bb63b5767c2e7d10d698",
        "sha256_in_prefix": "d70b13b4e5c5fb4856186df83c517efb086d110516f2bb63b5767c2e7d10d698",
        "size_in_bytes": 342
      },
      {
        "_path": "lib/python3.9/site-packages/ruamel_yaml/constructor.py",
        "path_type": "hardlink",
        "sha256": "fe9b2514da84605998e5842420ef81de1c489a426f4406b8434cd87a86f0987d",
        "sha256_in_prefix": "fe9b2514da84605998e5842420ef81de1c489a426f4406b8434cd87a86f0987d",
        "size_in_bytes": 70093
      },
      {
        "_path": "lib/python3.9/site-packages/ruamel_yaml/cyaml.py",
        "path_type": "hardlink",
        "sha256": "6e076169384239de7ae6c754636dfae74815cc9f055b3b387207830f67b04f54",
        "sha256_in_prefix": "6e076169384239de7ae6c754636dfae74815cc9f055b3b387207830f67b04f54",
        "size_in_bytes": 6600
      },
      {
        "_path": "lib/python3.9/site-packages/ruamel_yaml/dumper.py",
        "path_type": "hardlink",
        "sha256": "ee68962a0006ee03fa6e75879d9b1ab85f45fe28b8196dc124d1a9d74466bcf5",
        "sha256_in_prefix": "ee68962a0006ee03fa6e75879d9b1ab85f45fe28b8196dc124d1a9d74466bcf5",
        "size_in_bytes": 6625
      },
      {
        "_path": "lib/python3.9/site-packages/ruamel_yaml/emitter.py",
        "path_type": "hardlink",
        "sha256": "889aeddd51cd98e9343072edfdc8aa007cdf6eb16c072b26a282cef2c40584a7",
        "sha256_in_prefix": "889aeddd51cd98e9343072edfdc8aa007cdf6eb16c072b26a282cef2c40584a7",
        "size_in_bytes": 63366
      },
      {
        "_path": "lib/python3.9/site-packages/ruamel_yaml/error.py",
        "path_type": "hardlink",
        "sha256": "1d27333f55c2021e23fb7833b8a26f1b607dc4e2f8c5b2d1f06845cfcdd1a09e",
        "sha256_in_prefix": "1d27333f55c2021e23fb7833b8a26f1b607dc4e2f8c5b2d1f06845cfcdd1a09e",
        "size_in_bytes": 8919
      },
      {
        "_path": "lib/python3.9/site-packages/ruamel_yaml/events.py",
        "path_type": "hardlink",
        "sha256": "d160423e0a45cefe0c28337b8a302978f4cfe7c6f1cd334cecc7b51e2d0703c8",
        "sha256_in_prefix": "d160423e0a45cefe0c28337b8a302978f4cfe7c6f1cd334cecc7b51e2d0703c8",
        "size_in_bytes": 3902
      },
      {
        "_path": "lib/python3.9/site-packages/ruamel_yaml/ext/__init__.py",
        "path_type": "hardlink",
        "sha256": "e3b0c44298fc1c149afbf4c8996fb92427ae41e4649b934ca495991b7852b855",
        "sha256_in_prefix": "e3b0c44298fc1c149afbf4c8996fb92427ae41e4649b934ca495991b7852b855",
        "size_in_bytes": 0
      },
      {
        "_path": "lib/python3.9/site-packages/ruamel_yaml/ext/__pycache__/__init__.cpython-39.pyc",
        "path_type": "hardlink",
        "sha256": "9ce69386e4e389e46475116da7cca66cb3666291f71c2ef5c6cf0f197354981a",
        "sha256_in_prefix": "9ce69386e4e389e46475116da7cca66cb3666291f71c2ef5c6cf0f197354981a",
        "size_in_bytes": 146
      },
      {
        "_path": "lib/python3.9/site-packages/ruamel_yaml/ext/_ruamel_yaml.cpython-39-x86_64-linux-gnu.so",
        "path_type": "hardlink",
        "sha256": "a930b8a6f6f4cd5ebacab9a86777b386ca57c1abe13ab144bc02f8f4acae6392",
        "sha256_in_prefix": "a930b8a6f6f4cd5ebacab9a86777b386ca57c1abe13ab144bc02f8f4acae6392",
        "size_in_bytes": 290048
      },
      {
        "_path": "lib/python3.9/site-packages/ruamel_yaml/loader.py",
        "path_type": "hardlink",
        "sha256": "7a04ed4b53eaa3f9e33a88f0a6ed2ba0cc6b7a5351dcbfd0c44b1d84c38303f8",
        "sha256_in_prefix": "7a04ed4b53eaa3f9e33a88f0a6ed2ba0cc6b7a5351dcbfd0c44b1d84c38303f8",
        "size_in_bytes": 2951
      },
      {
        "_path": "lib/python3.9/site-packages/ruamel_yaml/main.py",
        "path_type": "hardlink",
        "sha256": "a933887a67b5218eb2a16fdb728ab0d71cf806470ec1e126d1338f4556c2ff18",
        "sha256_in_prefix": "a933887a67b5218eb2a16fdb728ab0d71cf806470ec1e126d1338f4556c2ff18",
        "size_in_bytes": 53538
      },
      {
        "_path": "lib/python3.9/site-packages/ruamel_yaml/nodes.py",
        "path_type": "hardlink",
        "sha256": "2a094e3c8ddec7d46f5423a6ec23ed90f91d79841728b61b776262fec89a0c9d",
        "sha256_in_prefix": "2a094e3c8ddec7d46f5423a6ec23ed90f91d79841728b61b776262fec89a0c9d",
        "size_in_bytes": 3716
      },
      {
        "_path": "lib/python3.9/site-packages/ruamel_yaml/parser.py",
        "path_type": "hardlink",
        "sha256": "0de0e22ce5b10f160bb67300071a09ef257dfea33e08a6259e621843621063af",
        "sha256_in_prefix": "0de0e22ce5b10f160bb67300071a09ef257dfea33e08a6259e621843621063af",
        "size_in_bytes": 32826
      },
      {
        "_path": "lib/python3.9/site-packages/ruamel_yaml/reader.py",
        "path_type": "hardlink",
        "sha256": "2d28c853814d3e517995d4cf98955abf810b0948ddcd7e62079ef398cbe93b79",
        "sha256_in_prefix": "2d28c853814d3e517995d4cf98955abf810b0948ddcd7e62079ef398cbe93b79",
        "size_in_bytes": 10876
      },
      {
        "_path": "lib/python3.9/site-packages/ruamel_yaml/representer.py",
        "path_type": "hardlink",
        "sha256": "025d27b04dddda13c6cc02735fa5a6515cbca93ed9f50767f378bf1356536fbf",
        "sha256_in_prefix": "025d27b04dddda13c6cc02735fa5a6515cbca93ed9f50767f378bf1356536fbf",
        "size_in_bytes": 48659
      },
      {
        "_path": "lib/python3.9/site-packages/ruamel_yaml/resolver.py",
        "path_type": "hardlink",
        "sha256": "5515baffa77e8cb3124b963793c46be22b55c2e8753208a9f290ff416275f185",
        "sha256_in_prefix": "5515baffa77e8cb3124b963793c46be22b55c2e8753208a9f290ff416275f185",
        "size_in_bytes": 15329
      },
      {
        "_path": "lib/python3.9/site-packages/ruamel_yaml/scalarbool.py",
        "path_type": "hardlink",
        "sha256": "c5c18750aa7c08820214f07880e68ee7464836a25d6bf244ea03f0a8b09115d0",
        "sha256_in_prefix": "c5c18750aa7c08820214f07880e68ee7464836a25d6bf244ea03f0a8b09115d0",
        "size_in_bytes": 1531
      },
      {
        "_path": "lib/python3.9/site-packages/ruamel_yaml/scalarfloat.py",
        "path_type": "hardlink",
        "sha256": "661b86f3e3fa6de09764fe5db8e790ad56990bb0c6f7ee4307d2797a39d9e448",
        "sha256_in_prefix": "661b86f3e3fa6de09764fe5db8e790ad56990bb0c6f7ee4307d2797a39d9e448",
        "size_in_bytes": 4406
      },
      {
        "_path": "lib/python3.9/site-packages/ruamel_yaml/scalarint.py",
        "path_type": "hardlink",
        "sha256": "f6fb8986ec74623b6a789a1bf7a1e0a2fd7e7564c58a10ef79253981813596df",
        "sha256_in_prefix": "f6fb8986ec74623b6a789a1bf7a1e0a2fd7e7564c58a10ef79253981813596df",
        "size_in_bytes": 4462
      },
      {
        "_path": "lib/python3.9/site-packages/ruamel_yaml/scalarstring.py",
        "path_type": "hardlink",
        "sha256": "82af5ce4e452574f365e8d3a3234ab7dd2371edb74381c74cd577bd93bdcd2ce",
        "sha256_in_prefix": "82af5ce4e452574f365e8d3a3234ab7dd2371edb74381c74cd577bd93bdcd2ce",
        "size_in_bytes": 4468
      },
      {
        "_path": "lib/python3.9/site-packages/ruamel_yaml/scanner.py",
        "path_type": "hardlink",
        "sha256": "26845700ffb5749fb1fc8531dc759e38af58b78fb354e035ec9135e75b01a9f9",
        "sha256_in_prefix": "26845700ffb5749fb1fc8531dc759e38af58b78fb354e035ec9135e75b01a9f9",
        "size_in_bytes": 72090
      },
      {
        "_path": "lib/python3.9/site-packages/ruamel_yaml/serializer.py",
        "path_type": "hardlink",
        "sha256": "ba2fd0a8a4df93adb651458f8370dcdba1c2e4c722b7fed920a7c4c8d3bfe6e1",
        "sha256_in_prefix": "ba2fd0a8a4df93adb651458f8370dcdba1c2e4c722b7fed920a7c4c8d3bfe6e1",
        "size_in_bytes": 8412
      },
      {
        "_path": "lib/python3.9/site-packages/ruamel_yaml/timestamp.py",
        "path_type": "hardlink",
        "sha256": "c13ecfbdc510dd75373256ccdef4ddd693271e7e849e426f57e583cebe646adf",
        "sha256_in_prefix": "c13ecfbdc510dd75373256ccdef4ddd693271e7e849e426f57e583cebe646adf",
        "size_in_bytes": 939
      },
      {
        "_path": "lib/python3.9/site-packages/ruamel_yaml/tokens.py",
        "path_type": "hardlink",
        "sha256": "275aa2d62a18dad2f7caa29d527db5aae8bf65a5a76e63a08ac62a7a5f929a57",
        "sha256_in_prefix": "275aa2d62a18dad2f7caa29d527db5aae8bf65a5a76e63a08ac62a7a5f929a57",
        "size_in_bytes": 7411
      },
      {
        "_path": "lib/python3.9/site-packages/ruamel_yaml/util.py",
        "path_type": "hardlink",
        "sha256": "2097b6a7cffc181aa9f80a781406af9566ec49329f9af43269c049da73735832",
        "sha256_in_prefix": "2097b6a7cffc181aa9f80a781406af9566ec49329f9af43269c049da73735832",
        "size_in_bytes": 6078
      },
      {
        "_path": "lib/python3.9/site-packages/ruamel_yaml_conda-0.15.100.dist-info/INSTALLER",
        "path_type": "hardlink",
        "sha256": "d0edee15f91b406f3f99726e44eb990be6e34fd0345b52b910c568e0eef6a2a8",
        "sha256_in_prefix": "d0edee15f91b406f3f99726e44eb990be6e34fd0345b52b910c568e0eef6a2a8",
        "size_in_bytes": 5
      },
      {
        "_path": "lib/python3.9/site-packages/ruamel_yaml_conda-0.15.100.dist-info/LICENSE",
        "path_type": "hardlink",
        "sha256": "9ace21e8475e76d11dbb3c9361be3d15c6f565bf7ac4154db3ecf6d426754265",
        "sha256_in_prefix": "9ace21e8475e76d11dbb3c9361be3d15c6f565bf7ac4154db3ecf6d426754265",
        "size_in_bytes": 1121
      },
      {
        "_path": "lib/python3.9/site-packages/ruamel_yaml_conda-0.15.100.dist-info/METADATA",
        "path_type": "hardlink",
        "sha256": "3607d4966ab22323b726f89df14259a0588b106176c2482891b432f1424dd9a2",
        "sha256_in_prefix": "3607d4966ab22323b726f89df14259a0588b106176c2482891b432f1424dd9a2",
        "size_in_bytes": 912
      },
      {
        "_path": "lib/python3.9/site-packages/ruamel_yaml_conda-0.15.100.dist-info/RECORD",
        "path_type": "hardlink",
        "sha256": "f2b09e6b3abd4a30774a1079fca5107a57b3a6171a8f42394a6c5d5acde5f635",
        "sha256_in_prefix": "f2b09e6b3abd4a30774a1079fca5107a57b3a6171a8f42394a6c5d5acde5f635",
        "size_in_bytes": 4705
      },
      {
        "_path": "lib/python3.9/site-packages/ruamel_yaml_conda-0.15.100.dist-info/REQUESTED",
        "path_type": "hardlink",
        "sha256": "e3b0c44298fc1c149afbf4c8996fb92427ae41e4649b934ca495991b7852b855",
        "sha256_in_prefix": "e3b0c44298fc1c149afbf4c8996fb92427ae41e4649b934ca495991b7852b855",
        "size_in_bytes": 0
      },
      {
        "_path": "lib/python3.9/site-packages/ruamel_yaml_conda-0.15.100.dist-info/WHEEL",
        "path_type": "hardlink",
        "sha256": "8d1fc321f87460fad37b3ee2dd8a81cc662e29d56cef916364c74cb6f2308a83",
        "sha256_in_prefix": "8d1fc321f87460fad37b3ee2dd8a81cc662e29d56cef916364c74cb6f2308a83",
        "size_in_bytes": 103
      },
      {
        "_path": "lib/python3.9/site-packages/ruamel_yaml_conda-0.15.100.dist-info/direct_url.json",
        "path_type": "hardlink",
        "sha256": "83d027ed0a91a5c5be4b0e586f06ba9a2ae4b683b778c89199a12175bacbff76",
        "sha256_in_prefix": "83d027ed0a91a5c5be4b0e586f06ba9a2ae4b683b778c89199a12175bacbff76",
        "size_in_bytes": 84
      },
      {
        "_path": "lib/python3.9/site-packages/ruamel_yaml_conda-0.15.100.dist-info/top_level.txt",
        "path_type": "hardlink",
        "sha256": "8bdb44d8da46cfad8b0b21deb3df2fbb2e6d9c1de7cb2ebec938c6bc351cff62",
        "sha256_in_prefix": "8bdb44d8da46cfad8b0b21deb3df2fbb2e6d9c1de7cb2ebec938c6bc351cff62",
        "size_in_bytes": 12
      }
    ],
    "paths_version": 1
  },
  "requested_spec": "None",
  "sha256": "35bbe6519e5a31f1511bcde077f91eb9ad082e3fdd193395fce6a4d06a45d50e",
  "size": 266294,
  "subdir": "linux-64",
  "timestamp": 1616016777781,
  "track_features": "",
  "url": "https://repo.anaconda.com/pkgs/main/linux-64/ruamel_yaml-0.15.100-py39h27cfd23_0.conda",
  "version": "0.15.100"
}