{
  "build": "pyhd3eb1b0_1",
  "build_number": 1,
  "channel": "https://repo.anaconda.com/pkgs/main/noarch",
  "constrains": [],
  "depends": [
    "python >=2.7"
  ],
  "extracted_package_dir": "/root/venv3.9/pkgs/tqdm-4.59.0-pyhd3eb1b0_1",
  "features": "",
  "files": [
    "lib/python3.9/site-packages/tqdm-4.59.0.dist-info/INSTALLER",
    "lib/python3.9/site-packages/tqdm-4.59.0.dist-info/LICENCE",
    "lib/python3.9/site-packages/tqdm-4.59.0.dist-info/METADATA",
    "lib/python3.9/site-packages/tqdm-4.59.0.dist-info/RECORD",
    "lib/python3.9/site-packages/tqdm-4.59.0.dist-info/REQUESTED",
    "lib/python3.9/site-packages/tqdm-4.59.0.dist-info/WHEEL",
    "lib/python3.9/site-packages/tqdm-4.59.0.dist-info/direct_url.json",
    "lib/python3.9/site-packages/tqdm-4.59.0.dist-info/entry_points.txt",
    "lib/python3.9/site-packages/tqdm-4.59.0.dist-info/top_level.txt",
    "lib/python3.9/site-packages/tqdm/__init__.py",
    "lib/python3.9/site-packages/tqdm/__main__.py",
    "lib/python3.9/site-packages/tqdm/_dist_ver.py",
    "lib/python3.9/site-packages/tqdm/_main.py",
    "lib/python3.9/site-packages/tqdm/_monitor.py",
    "lib/python3.9/site-packages/tqdm/_tqdm.py",
    "lib/python3.9/site-packages/tqdm/_tqdm_gui.py",
    "lib/python3.9/site-packages/tqdm/_tqdm_notebook.py",
    "lib/python3.9/site-packages/tqdm/_tqdm_pandas.py",
    "lib/python3.9/site-packages/tqdm/_utils.py",
    "lib/python3.9/site-packages/tqdm/asyncio.py",
    "lib/python3.9/site-packages/tqdm/auto.py",
    "lib/python3.9/site-packages/tqdm/autonotebook.py",
    "lib/python3.9/site-packages/tqdm/cli.py",
    "lib/python3.9/site-packages/tqdm/completion.sh",
    "lib/python3.9/site-packages/tqdm/contrib/__init__.py",
    "lib/python3.9/site-packages/tqdm/contrib/bells.py",
    "lib/python3.9/site-packages/tqdm/contrib/concurrent.py",
    "lib/python3.9/site-packages/tqdm/contrib/discord.py",
    "lib/python3.9/site-packages/tqdm/contrib/itertools.py",
    "lib/python3.9/site-packages/tqdm/contrib/telegram.py",
    "lib/python3.9/site-packages/tqdm/contrib/utils_worker.py",
    "lib/python3.9/site-packages/tqdm/dask.py",
    "lib/python3.9/site-packages/tqdm/gui.py",
    "lib/python3.9/site-packages/tqdm/keras.py",
    "lib/python3.9/site-packages/tqdm/notebook.py",
    "lib/python3.9/site-packages/tqdm/rich.py",
    "lib/python3.9/site-packages/tqdm/std.py",
    "lib/python3.9/site-packages/tqdm/tk.py",
    "lib/python3.9/site-packages/tqdm/tqdm.1",
    "lib/python3.9/site-packages/tqdm/utils.py",
    "lib/python3.9/site-packages/tqdm/version.py",
    "lib/python3.9/site-packages/tqdm/__pycache__/__init__.cpython-39.pyc",
    "lib/python3.9/site-packages/tqdm/__pycache__/__main__.cpython-39.pyc",
    "lib/python3.9/site-packages/tqdm/__pycache__/_dist_ver.cpython-39.pyc",
    "lib/python3.9/site-packages/tqdm/__pycache__/_main.cpython-39.pyc",
    "lib/python3.9/site-packages/tqdm/__pycache__/_monitor.cpython-39.pyc",
    "lib/python3.9/site-packages/tqdm/__pycache__/_tqdm.cpython-39.pyc",
    "lib/python3.9/site-packages/tqdm/__pycache__/_tqdm_gui.cpython-39.pyc",
    "lib/python3.9/site-packages/tqdm/__pycache__/_tqdm_notebook.cpython-39.pyc",
    "lib/python3.9/site-packages/tqdm/__pycache__/_tqdm_pandas.cpython-39.pyc",
    "lib/python3.9/site-packages/tqdm/__pycache__/_utils.cpython-39.pyc",
    "lib/python3.9/site-packages/tqdm/__pycache__/asyncio.cpython-39.pyc",
    "lib/python3.9/site-packages/tqdm/__pycache__/auto.cpython-39.pyc",
    "lib/python3.9/site-packages/tqdm/__pycache__/autonotebook.cpython-39.pyc",
    "lib/python3.9/site-packages/tqdm/__pycache__/cli.cpython-39.pyc",
    "lib/python3.9/site-packages/tqdm/contrib/__pycache__/__init__.cpython-39.pyc",
    "lib/python3.9/site-packages/tqdm/contrib/__pycache__/bells.cpython-39.pyc",
    "lib/python3.9/site-packages/tqdm/contrib/__pycache__/concurrent.cpython-39.pyc",
    "lib/python3.9/site-packages/tqdm/contrib/__pycache__/discord.cpython-39.pyc",
    "lib/python3.9/site-packages/tqdm/contrib/__pycache__/itertools.cpython-39.pyc",
    "lib/python3.9/site-packages/tqdm/contrib/__pycache__/telegram.cpython-39.pyc",
    "lib/python3.9/site-packages/tqdm/contrib/__pycache__/utils_worker.cpython-39.pyc",
    "lib/python3.9/site-packages/tqdm/__pycache__/dask.cpython-39.pyc",
    "lib/python3.9/site-packages/tqdm/__pycache__/gui.cpython-39.pyc",
    "lib/python3.9/site-packages/tqdm/__pycache__/keras.cpython-39.pyc",
    "lib/python3.9/site-packages/tqdm/__pycache__/notebook.cpython-39.pyc",
    "lib/python3.9/site-packages/tqdm/__pycache__/rich.cpython-39.pyc",
    "lib/python3.9/site-packages/tqdm/__pycache__/std.cpython-39.pyc",
    "lib/python3.9/site-packages/tqdm/__pycache__/tk.cpython-39.pyc",
    "lib/python3.9/site-packages/tqdm/__pycache__/utils.cpython-39.pyc",
    "lib/python3.9/site-packages/tqdm/__pycache__/version.cpython-39.pyc",
    "bin/tqdm"
  ],
  "fn": "tqdm-4.59.0-pyhd3eb1b0_1.conda",
  "legacy_bz2_md5": "82f70eaea85442c4693318b1ec58b948",
  "license": "MPL-2.0 or MIT",
  "license_family": "MOZILLA",
  "link": {
    "source": "/root/venv3.9/pkgs/tqdm-4.59.0-pyhd3eb1b0_1",
    "type": 1
  },
  "md5": "5420184f4097c7a3c46892fa5abb5c21",
  "name": "tqdm",
  "noarch": "python",
  "package_tarball_full_path": "/root/venv3.9/pkgs/tqdm-4.59.0-pyhd3eb1b0_1.conda",
  "package_type": "noarch_python",
  "paths_data": {
    "paths": [
      {
        "_path": "site-packages/tqdm-4.59.0.dist-info/INSTALLER",
        "path_type": "hardlink",
        "sha256": "d0edee15f91b406f3f99726e44eb990be6e34fd0345b52b910c568e0eef6a2a8",
        "sha256_in_prefix": "d0edee15f91b406f3f99726e44eb990be6e34fd0345b52b910c568e0eef6a2a8",
        "size_in_bytes": 5
      },
      {
        "_path": "site-packages/tqdm-4.59.0.dist-info/LICENCE",
        "path_type": "hardlink",
        "sha256": "e63a31b0604ff11eb72b42f453ef632e133ba85f394e950b25661d8b80849a2e",
        "sha256_in_prefix": "e63a31b0604ff11eb72b42f453ef632e133ba85f394e950b25661d8b80849a2e",
        "size_in_bytes": 2003
      },
      {
        "_path": "site-packages/tqdm-4.59.0.dist-info/METADATA",
        "path_type": "hardlink",
        "sha256": "08e4992cd69300a7c479f8019f39f3f25c14348d1ab7cad2819af95abb3e972d",
        "sha256_in_prefix": "08e4992cd69300a7c479f8019f39f3f25c14348d1ab7cad2819af95abb3e972d",
        "size_in_bytes": 56702
      },
      {
        "_path": "site-packages/tqdm-4.59.0.dist-info/RECORD",
        "path_type": "hardlink",
        "sha256": "d963d87a4d64bdc6ac2f7034f60290f4ada88eb504823e782f4f714c2d9f1387",
        "sha256_in_prefix": "d963d87a4d64bdc6ac2f7034f60290f4ada88eb504823e782f4f714c2d9f1387",
        "size_in_bytes": 4540
      },
      {
        "_path": "site-packages/tqdm-4.59.0.dist-info/REQUESTED",
        "path_type": "hardlink",
        "sha256": "e3b0c44298fc1c149afbf4c8996fb92427ae41e4649b934ca495991b7852b855",
        "sha256_in_prefix": "e3b0c44298fc1c149afbf4c8996fb92427ae41e4649b934ca495991b7852b855",
        "size_in_bytes": 0
      },
      {
        "_path": "site-packages/tqdm-4.59.0.dist-info/WHEEL",
        "path_type": "hardlink",
        "sha256": "67e9f2629c2b712ab17ddbb1e4c6e7fc3439db988fec9d831b72601af398c934",
        "sha256_in_prefix": "67e9f2629c2b712ab17ddbb1e4c6e7fc3439db988fec9d831b72601af398c934",
        "size_in_bytes": 110
      },
      {
        "_path": "site-packages/tqdm-4.59.0.dist-info/direct_url.json",
        "path_type": "hardlink",
        "sha256": "bc5e51c11456bc018f1a14a233cd077337cc6b1eb24ea7f367d236df4207b68e",
        "sha256_in_prefix": "bc5e51c11456bc018f1a14a233cd077337cc6b1eb24ea7f367d236df4207b68e",
        "size_in_bytes": 77
      },
      {
        "_path": "site-packages/tqdm-4.59.0.dist-info/entry_points.txt",
        "path_type": "hardlink",
        "sha256": "c0301a7bac2dd963605dbfd99394cdbbd626aa869f506da957b2b50977f793f5",
        "sha256_in_prefix": "c0301a7bac2dd963605dbfd99394cdbbd626aa869f506da957b2b50977f793f5",
        "size_in_bytes": 40
      },
      {
        "_path": "site-packages/tqdm-4.59.0.dist-info/top_level.txt",
        "path_type": "hardlink",
        "sha256": "34b89424d7e673d02dd79b3b254462c2fa8c123522f46e4f30646b98c6333523",
        "sha256_in_prefix": "34b89424d7e673d02dd79b3b254462c2fa8c123522f46e4f30646b98c6333523",
        "size_in_bytes": 5
      },
      {
        "_path": "site-packages/tqdm/__init__.py",
        "path_type": "hardlink",
        "sha256": "2e27b31c8a804cadc53a28ffdfae5e31cbb5d543e68a398314aa2097bd9f1e9e",
        "sha256_in_prefix": "2e27b31c8a804cadc53a28ffdfae5e31cbb5d543e68a398314aa2097bd9f1e9e",
        "size_in_bytes": 1639
      },
      {
        "_path": "site-packages/tqdm/__main__.py",
        "path_type": "hardlink",
        "sha256": "6d8b7d7846a845059d7a3107143f11131f63c5511d669b44085b15ec5e3d2279",
        "sha256_in_prefix": "6d8b7d7846a845059d7a3107143f11131f63c5511d669b44085b15ec5e3d2279",
        "size_in_bytes": 30
      },
      {
        "_path": "site-packages/tqdm/_dist_ver.py",
        "path_type": "hardlink",
        "sha256": "ffcf3c6dc5cbd2aa0387f50fe05db341c774d3865c8bf03d047c7a006c25048e",
        "sha256_in_prefix": "ffcf3c6dc5cbd2aa0387f50fe05db341c774d3865c8bf03d047c7a006c25048e",
        "size_in_bytes": 23
      },
      {
        "_path": "site-packages/tqdm/_main.py",
        "path_type": "hardlink",
        "sha256": "f724af8268bfd92c38080a395035b44367717d3af26e8116187a217c2273d2c0",
        "sha256_in_prefix": "f724af8268bfd92c38080a395035b44367717d3af26e8116187a217c2273d2c0",
        "size_in_bytes": 283
      },
      {
        "_path": "site-packages/tqdm/_monitor.py",
        "path_type": "hardlink",
        "sha256": "0d1f00c2a1918f82bb6d70a26e214e49457c4833212dd86ad68e985cf1be63f3",
        "sha256_in_prefix": "0d1f00c2a1918f82bb6d70a26e214e49457c4833212dd86ad68e985cf1be63f3",
        "size_in_bytes": 3687
      },
      {
        "_path": "site-packages/tqdm/_tqdm.py",
        "path_type": "hardlink",
        "sha256": "2df2c2b89e9ba6c568f718a59ad057c849b5bc69d4085ae5896f398f727e9c3e",
        "sha256_in_prefix": "2df2c2b89e9ba6c568f718a59ad057c849b5bc69d4085ae5896f398f727e9c3e",
        "size_in_bytes": 283
      },
      {
        "_path": "site-packages/tqdm/_tqdm_gui.py",
        "path_type": "hardlink",
        "sha256": "d371dcf0a6b2c49bde89e239fb4fb6346883a4bbf0f6365e9287c9515ec20b09",
        "sha256_in_prefix": "d371dcf0a6b2c49bde89e239fb4fb6346883a4bbf0f6365e9287c9515ec20b09",
        "size_in_bytes": 287
      },
      {
        "_path": "site-packages/tqdm/_tqdm_notebook.py",
        "path_type": "hardlink",
        "sha256": "06e1e22eec6eeae11f64568f256dd13e93dac5a55cb44400de47522520cbd61c",
        "sha256_in_prefix": "06e1e22eec6eeae11f64568f256dd13e93dac5a55cb44400de47522520cbd61c",
        "size_in_bytes": 307
      },
      {
        "_path": "site-packages/tqdm/_tqdm_pandas.py",
        "path_type": "hardlink",
        "sha256": "73d8e9b5482280de9ac510e145de1189ff7c4e6c5ea297359c5345848a5b1541",
        "sha256_in_prefix": "73d8e9b5482280de9ac510e145de1189ff7c4e6c5ea297359c5345848a5b1541",
        "size_in_bytes": 888
      },
      {
        "_path": "site-packages/tqdm/_utils.py",
        "path_type": "hardlink",
        "sha256": "0958eb7910661af17718c1c21698e8de7bac9fc6ea90b6e3cca6bec58ab741ee",
        "sha256_in_prefix": "0958eb7910661af17718c1c21698e8de7bac9fc6ea90b6e3cca6bec58ab741ee",
        "size_in_bytes": 596
      },
      {
        "_path": "site-packages/tqdm/asyncio.py",
        "path_type": "hardlink",
        "sha256": "6cac7484eeea7e4e5797ed3fcc916e287875f610f61198a25f5cfcb12ab8645c",
        "sha256_in_prefix": "6cac7484eeea7e4e5797ed3fcc916e287875f610f61198a25f5cfcb12ab8645c",
        "size_in_bytes": 2670
      },
      {
        "_path": "site-packages/tqdm/auto.py",
        "path_type": "hardlink",
        "sha256": "3fffdd21f925546a9c45dcd5e2aebc48e05584b1def505a7ac2937209200f9f3",
        "sha256_in_prefix": "3fffdd21f925546a9c45dcd5e2aebc48e05584b1def505a7ac2937209200f9f3",
        "size_in_bytes": 1106
      },
      {
        "_path": "site-packages/tqdm/autonotebook.py",
        "path_type": "hardlink",
        "sha256": "e4b74e273f3f1e7039e6125151dabfebd66fd6a8ca2380252440bb462426ce84",
        "sha256_in_prefix": "e4b74e273f3f1e7039e6125151dabfebd66fd6a8ca2380252440bb462426ce84",
        "size_in_bytes": 857
      },
      {
        "_path": "site-packages/tqdm/cli.py",
        "path_type": "hardlink",
        "sha256": "c7f73c9e67381ee73e94a12c0178fbf198b2a9227d849ef58fbbe5b58ebb89cc",
        "sha256_in_prefix": "c7f73c9e67381ee73e94a12c0178fbf198b2a9227d849ef58fbbe5b58ebb89cc",
        "size_in_bytes": 10509
      },
      {
        "_path": "site-packages/tqdm/completion.sh",
        "path_type": "hardlink",
        "sha256": "8fbf4a6d29a9223fc4d758df4df057ac69d44f3297569435bc6550becc83465e",
        "sha256_in_prefix": "8fbf4a6d29a9223fc4d758df4df057ac69d44f3297569435bc6550becc83465e",
        "size_in_bytes": 946
      },
      {
        "_path": "site-packages/tqdm/contrib/__init__.py",
        "path_type": "hardlink",
        "sha256": "ee39c15ac9da19b4d9420667c0fe53f6830b6aeeee7c0e17206e6b7c9a42de56",
        "sha256_in_prefix": "ee39c15ac9da19b4d9420667c0fe53f6830b6aeeee7c0e17206e6b7c9a42de56",
        "size_in_bytes": 2613
      },
      {
        "_path": "site-packages/tqdm/contrib/bells.py",
        "path_type": "hardlink",
        "sha256": "c45aa23cb8092bc9311b3419919a60dacc6b71daf161d8ef04c0cc14b3218f44",
        "sha256_in_prefix": "c45aa23cb8092bc9311b3419919a60dacc6b71daf161d8ef04c0cc14b3218f44",
        "size_in_bytes": 762
      },
      {
        "_path": "site-packages/tqdm/contrib/concurrent.py",
        "path_type": "hardlink",
        "sha256": "55d5e82b20ea459e31415f2bf73f28acc5a073b93251d040df86b623f148bf8b",
        "sha256_in_prefix": "55d5e82b20ea459e31415f2bf73f28acc5a073b93251d040df86b623f148bf8b",
        "size_in_bytes": 4638
      },
      {
        "_path": "site-packages/tqdm/contrib/discord.py",
        "path_type": "hardlink",
        "sha256": "a3233e533160b9cddf260f33906056593b62a70120e48171170c642936731cc7",
        "sha256_in_prefix": "a3233e533160b9cddf260f33906056593b62a70120e48171170c642936731cc7",
        "size_in_bytes": 4024
      },
      {
        "_path": "site-packages/tqdm/contrib/itertools.py",
        "path_type": "hardlink",
        "sha256": "ec36fd52373528a22dc60e2cc6c59c5edf1421bc35db8a89e37ec6eeef177688",
        "sha256_in_prefix": "ec36fd52373528a22dc60e2cc6c59c5edf1421bc35db8a89e37ec6eeef177688",
        "size_in_bytes": 801
      },
      {
        "_path": "site-packages/tqdm/contrib/telegram.py",
        "path_type": "hardlink",
        "sha256": "c92ff8bf0a5b630928b4be6301ad05797d2dd0d256c209c8dc2d20a9154e48cc",
        "sha256_in_prefix": "c92ff8bf0a5b630928b4be6301ad05797d2dd0d256c209c8dc2d20a9154e48cc",
        "size_in_bytes": 4166
      },
      {
        "_path": "site-packages/tqdm/contrib/utils_worker.py",
        "path_type": "hardlink",
        "sha256": "6431a3eee906e72504228880cfa8db1b0a825ee9508736f2a10073da30d2d7b2",
        "sha256_in_prefix": "6431a3eee906e72504228880cfa8db1b0a825ee9508736f2a10073da30d2d7b2",
        "size_in_bytes": 1250
      },
      {
        "_path": "site-packages/tqdm/dask.py",
        "path_type": "hardlink",
        "sha256": "0b89ac224f41d198b26228e58a23f1d4d95b81f9d716d0f8f343a8ac9cda4520",
        "sha256_in_prefix": "0b89ac224f41d198b26228e58a23f1d4d95b81f9d716d0f8f343a8ac9cda4520",
        "size_in_bytes": 1376
      },
      {
        "_path": "site-packages/tqdm/gui.py",
        "path_type": "hardlink",
        "sha256": "9103fe7b3c00512bc9e387f9d14a767c41b81eafa9e2c9eb1322b048dc1c8242",
        "sha256_in_prefix": "9103fe7b3c00512bc9e387f9d14a767c41b81eafa9e2c9eb1322b048dc1c8242",
        "size_in_bytes": 5943
      },
      {
        "_path": "site-packages/tqdm/keras.py",
        "path_type": "hardlink",
        "sha256": "d8a2fc6d5c52e61d4912a6d7e32de9771fe708d73cd324635ea8da3b1e0829be",
        "sha256_in_prefix": "d8a2fc6d5c52e61d4912a6d7e32de9771fe708d73cd324635ea8da3b1e0829be",
        "size_in_bytes": 4211
      },
      {
        "_path": "site-packages/tqdm/notebook.py",
        "path_type": "hardlink",
        "sha256": "feed01decf8dc95a704fb0711e4c613b754b5c42deef8f93a6dcc1ca1561a6fd",
        "sha256_in_prefix": "feed01decf8dc95a704fb0711e4c613b754b5c42deef8f93a6dcc1ca1561a6fd",
        "size_in_bytes": 10790
      },
      {
        "_path": "site-packages/tqdm/rich.py",
        "path_type": "hardlink",
        "sha256": "d7b91a1791967ee5b98b681edffbea1ffd3dd95d48ca2ec0d49d36a012a02824",
        "sha256_in_prefix": "d7b91a1791967ee5b98b681edffbea1ffd3dd95d48ca2ec0d49d36a012a02824",
        "size_in_bytes": 5000
      },
      {
        "_path": "site-packages/tqdm/std.py",
        "path_type": "hardlink",
        "sha256": "b281afe80ed63f367f9b0efe26357f3db3b302d0168e6f27a1d2f635f40dced4",
        "sha256_in_prefix": "b281afe80ed63f367f9b0efe26357f3db3b302d0168e6f27a1d2f635f40dced4",
        "size_in_bytes": 57572
      },
      {
        "_path": "site-packages/tqdm/tk.py",
        "path_type": "hardlink",
        "sha256": "6b795b8f51ac3fb8f20e9410826e6886c166f58f7e69d7a49582213c7ebd3fcf",
        "sha256_in_prefix": "6b795b8f51ac3fb8f20e9410826e6886c166f58f7e69d7a49582213c7ebd3fcf",
        "size_in_bytes": 6948
      },
      {
        "_path": "site-packages/tqdm/tqdm.1",
        "path_type": "hardlink",
        "sha256": "d5830b645898d301805188239ab7ebf6f41397232a97a2d3df5a145af3b241d5",
        "sha256_in_prefix": "d5830b645898d301805188239ab7ebf6f41397232a97a2d3df5a145af3b241d5",
        "size_in_bytes": 7997
      },
      {
        "_path": "site-packages/tqdm/utils.py",
        "path_type": "hardlink",
        "sha256": "10caf0a2e1880b81f5235850286aafc2bd710a1387f7b74e55a6ca5a1ea1d6fc",
        "sha256_in_prefix": "10caf0a2e1880b81f5235850286aafc2bd710a1387f7b74e55a6ca5a1ea1d6fc",
        "size_in_bytes": 9533
      },
      {
        "_path": "site-packages/tqdm/version.py",
        "path_type": "hardlink",
        "sha256": "fb5c968dfbb73f47a0855b32b071f4edf6f376200335177346d60fa8e6aa4760",
        "sha256_in_prefix": "fb5c968dfbb73f47a0855b32b071f4edf6f376200335177346d60fa8e6aa4760",
        "size_in_bytes": 333
      },
      {
        "_path": "lib/python3.9/site-packages/tqdm/__pycache__/__init__.cpython-39.pyc",
        "path_type": "pyc_file"
      },
      {
        "_path": "lib/python3.9/site-packages/tqdm/__pycache__/__main__.cpython-39.pyc",
        "path_type": "pyc_file"
      },
      {
        "_path": "lib/python3.9/site-packages/tqdm/__pycache__/_dist_ver.cpython-39.pyc",
        "path_type": "pyc_file"
      },
      {
        "_path": "lib/python3.9/site-packages/tqdm/__pycache__/_main.cpython-39.pyc",
        "path_type": "pyc_file"
      },
      {
        "_path": "lib/python3.9/site-packages/tqdm/__pycache__/_monitor.cpython-39.pyc",
        "path_type": "pyc_file"
      },
      {
        "_path": "lib/python3.9/site-packages/tqdm/__pycache__/_tqdm.cpython-39.pyc",
        "path_type": "pyc_file"
      },
      {
        "_path": "lib/python3.9/site-packages/tqdm/__pycache__/_tqdm_gui.cpython-39.pyc",
        "path_type": "pyc_file"
      },
      {
        "_path": "lib/python3.9/site-packages/tqdm/__pycache__/_tqdm_notebook.cpython-39.pyc",
        "path_type": "pyc_file"
      },
      {
        "_path": "lib/python3.9/site-packages/tqdm/__pycache__/_tqdm_pandas.cpython-39.pyc",
        "path_type": "pyc_file"
      },
      {
        "_path": "lib/python3.9/site-packages/tqdm/__pycache__/_utils.cpython-39.pyc",
        "path_type": "pyc_file"
      },
      {
        "_path": "lib/python3.9/site-packages/tqdm/__pycache__/asyncio.cpython-39.pyc",
        "path_type": "pyc_file"
      },
      {
        "_path": "lib/python3.9/site-packages/tqdm/__pycache__/auto.cpython-39.pyc",
        "path_type": "pyc_file"
      },
      {
        "_path": "lib/python3.9/site-packages/tqdm/__pycache__/autonotebook.cpython-39.pyc",
        "path_type": "pyc_file"
      },
      {
        "_path": "lib/python3.9/site-packages/tqdm/__pycache__/cli.cpython-39.pyc",
        "path_type": "pyc_file"
      },
      {
        "_path": "lib/python3.9/site-packages/tqdm/contrib/__pycache__/__init__.cpython-39.pyc",
        "path_type": "pyc_file"
      },
      {
        "_path": "lib/python3.9/site-packages/tqdm/contrib/__pycache__/bells.cpython-39.pyc",
        "path_type": "pyc_file"
      },
      {
        "_path": "lib/python3.9/site-packages/tqdm/contrib/__pycache__/concurrent.cpython-39.pyc",
        "path_type": "pyc_file"
      },
      {
        "_path": "lib/python3.9/site-packages/tqdm/contrib/__pycache__/discord.cpython-39.pyc",
        "path_type": "pyc_file"
      },
      {
        "_path": "lib/python3.9/site-packages/tqdm/contrib/__pycache__/itertools.cpython-39.pyc",
        "path_type": "pyc_file"
      },
      {
        "_path": "lib/python3.9/site-packages/tqdm/contrib/__pycache__/telegram.cpython-39.pyc",
        "path_type": "pyc_file"
      },
      {
        "_path": "lib/python3.9/site-packages/tqdm/contrib/__pycache__/utils_worker.cpython-39.pyc",
        "path_type": "pyc_file"
      },
      {
        "_path": "lib/python3.9/site-packages/tqdm/__pycache__/dask.cpython-39.pyc",
        "path_type": "pyc_file"
      },
      {
        "_path": "lib/python3.9/site-packages/tqdm/__pycache__/gui.cpython-39.pyc",
        "path_type": "pyc_file"
      },
      {
        "_path": "lib/python3.9/site-packages/tqdm/__pycache__/keras.cpython-39.pyc",
        "path_type": "pyc_file"
      },
      {
        "_path": "lib/python3.9/site-packages/tqdm/__pycache__/notebook.cpython-39.pyc",
        "path_type": "pyc_file"
      },
      {
        "_path": "lib/python3.9/site-packages/tqdm/__pycache__/rich.cpython-39.pyc",
        "path_type": "pyc_file"
      },
      {
        "_path": "lib/python3.9/site-packages/tqdm/__pycache__/std.cpython-39.pyc",
        "path_type": "pyc_file"
      },
      {
        "_path": "lib/python3.9/site-packages/tqdm/__pycache__/tk.cpython-39.pyc",
        "path_type": "pyc_file"
      },
      {
        "_path": "lib/python3.9/site-packages/tqdm/__pycache__/utils.cpython-39.pyc",
        "path_type": "pyc_file"
      },
      {
        "_path": "lib/python3.9/site-packages/tqdm/__pycache__/version.cpython-39.pyc",
        "path_type": "pyc_file"
      },
      {
        "_path": "bin/tqdm",
        "path_type": "unix_python_entry_point"
      }
    ],
    "paths_version": 1
  },
  "requested_spec": "None",
  "sha256": "d83dc7b4efd3cdace518aadc07e3132a9a930e33f10d11083ec9312aca62d41a",
  "size": 94919,
  "subdir": "noarch",
  "timestamp": 1615925111542,
  "track_features": "",
  "url": "https://repo.anaconda.com/pkgs/main/noarch/tqdm-4.59.0-pyhd3eb1b0_1.conda",
  "version": "4.59.0"
}