{
  "build": "pyhd3eb1b0_0",
  "build_number": 0,
  "channel": "https://repo.anaconda.com/pkgs/main/noarch",
  "constrains": [],
  "depends": [
    "brotlipy >=0.6.0",
    "certifi",
    "cryptography >=1.3.4",
    "idna >=2.0.0",
    "pyopenssl >=0.14",
    "pysocks >=1.5.6,<2.0,!=1.5.7",
    "python <4.0"
  ],
  "extracted_package_dir": "/root/venv3.9/pkgs/urllib3-1.26.4-pyhd3eb1b0_0",
  "features": "",
  "files": [
    "lib/python3.9/site-packages/urllib3-1.26.4.dist-info/INSTALLER",
    "lib/python3.9/site-packages/urllib3-1.26.4.dist-info/LICENSE.txt",
    "lib/python3.9/site-packages/urllib3-1.26.4.dist-info/METADATA",
    "lib/python3.9/site-packages/urllib3-1.26.4.dist-info/RECORD",
    "lib/python3.9/site-packages/urllib3-1.26.4.dist-info/REQUESTED",
    "lib/python3.9/site-packages/urllib3-1.26.4.dist-info/WHEEL",
    "lib/python3.9/site-packages/urllib3-1.26.4.dist-info/direct_url.json",
    "lib/python3.9/site-packages/urllib3-1.26.4.dist-info/top_level.txt",
    "lib/python3.9/site-packages/urllib3/__init__.py",
    "lib/python3.9/site-packages/urllib3/_collections.py",
    "lib/python3.9/site-packages/urllib3/_version.py",
    "lib/python3.9/site-packages/urllib3/connection.py",
    "lib/python3.9/site-packages/urllib3/connectionpool.py",
    "lib/python3.9/site-packages/urllib3/contrib/__init__.py",
    "lib/python3.9/site-packages/urllib3/contrib/_appengine_environ.py",
    "lib/python3.9/site-packages/urllib3/contrib/_securetransport/__init__.py",
    "lib/python3.9/site-packages/urllib3/contrib/_securetransport/bindings.py",
    "lib/python3.9/site-packages/urllib3/contrib/_securetransport/low_level.py",
    "lib/python3.9/site-packages/urllib3/contrib/appengine.py",
    "lib/python3.9/site-packages/urllib3/contrib/ntlmpool.py",
    "lib/python3.9/site-packages/urllib3/contrib/pyopenssl.py",
    "lib/python3.9/site-packages/urllib3/contrib/securetransport.py",
    "lib/python3.9/site-packages/urllib3/contrib/socks.py",
    "lib/python3.9/site-packages/urllib3/exceptions.py",
    "lib/python3.9/site-packages/urllib3/fields.py",
    "lib/python3.9/site-packages/urllib3/filepost.py",
    "lib/python3.9/site-packages/urllib3/packages/__init__.py",
    "lib/python3.9/site-packages/urllib3/packages/backports/__init__.py",
    "lib/python3.9/site-packages/urllib3/packages/backports/makefile.py",
    "lib/python3.9/site-packages/urllib3/packages/six.py",
    "lib/python3.9/site-packages/urllib3/packages/ssl_match_hostname/__init__.py",
    "lib/python3.9/site-packages/urllib3/packages/ssl_match_hostname/_implementation.py",
    "lib/python3.9/site-packages/urllib3/poolmanager.py",
    "lib/python3.9/site-packages/urllib3/request.py",
    "lib/python3.9/site-packages/urllib3/response.py",
    "lib/python3.9/site-packages/urllib3/util/__init__.py",
    "lib/python3.9/site-packages/urllib3/util/connection.py",
    "lib/python3.9/site-packages/urllib3/util/proxy.py",
    "lib/python3.9/site-packages/urllib3/util/queue.py",
    "lib/python3.9/site-packages/urllib3/util/request.py",
    "lib/python3.9/site-packages/urllib3/util/response.py",
    "lib/python3.9/site-packages/urllib3/util/retry.py",
    "lib/python3.9/site-packages/urllib3/util/ssl_.py",
    "lib/python3.9/site-packages/urllib3/util/ssltransport.py",
    "lib/python3.9/site-packages/urllib3/util/timeout.py",
    "lib/python3.9/site-packages/urllib3/util/url.py",
    "lib/python3.9/site-packages/urllib3/util/wait.py",
    "lib/python3.9/site-packages/urllib3/__pycache__/__init__.cpython-39.pyc",
    "lib/python3.9/site-packages/urllib3/__pycache__/_collections.cpython-39.pyc",
    "lib/python3.9/site-packages/urllib3/__pycache__/_version.cpython-39.pyc",
    "lib/python3.9/site-packages/urllib3/__pycache__/connection.cpython-39.pyc",
    "lib/python3.9/site-packages/urllib3/__pycache__/connectionpool.cpython-39.pyc",
    "lib/python3.9/site-packages/urllib3/contrib/__pycache__/__init__.cpython-39.pyc",
    "lib/python3.9/site-packages/urllib3/contrib/__pycache__/_appengine_environ.cpython-39.pyc",
    "lib/python3.9/site-packages/urllib3/contrib/_securetransport/__pycache__/__init__.cpython-39.pyc",
    "lib/python3.9/site-packages/urllib3/contrib/_securetransport/__pycache__/bindings.cpython-39.pyc",
    "lib/python3.9/site-packages/urllib3/contrib/_securetransport/__pycache__/low_level.cpython-39.pyc",
    "lib/python3.9/site-packages/urllib3/contrib/__pycache__/appengine.cpython-39.pyc",
    "lib/python3.9/site-packages/urllib3/contrib/__pycache__/ntlmpool.cpython-39.pyc",
    "lib/python3.9/site-packages/urllib3/contrib/__pycache__/pyopenssl.cpython-39.pyc",
    "lib/python3.9/site-packages/urllib3/contrib/__pycache__/securetransport.cpython-39.pyc",
    "lib/python3.9/site-packages/urllib3/contrib/__pycache__/socks.cpython-39.pyc",
    "lib/python3.9/site-packages/urllib3/__pycache__/exceptions.cpython-39.pyc",
    "lib/python3.9/site-packages/urllib3/__pycache__/fields.cpython-39.pyc",
    "lib/python3.9/site-packages/urllib3/__pycache__/filepost.cpython-39.pyc",
    "lib/python3.9/site-packages/urllib3/packages/__pycache__/__init__.cpython-39.pyc",
    "lib/python3.9/site-packages/urllib3/packages/backports/__pycache__/__init__.cpython-39.pyc",
    "lib/python3.9/site-packages/urllib3/packages/backports/__pycache__/makefile.cpython-39.pyc",
    "lib/python3.9/site-packages/urllib3/packages/__pycache__/six.cpython-39.pyc",
    "lib/python3.9/site-packages/urllib3/packages/ssl_match_hostname/__pycache__/__init__.cpython-39.pyc",
    "lib/python3.9/site-packages/urllib3/packages/ssl_match_hostname/__pycache__/_implementation.cpython-39.pyc",
    "lib/python3.9/site-packages/urllib3/__pycache__/poolmanager.cpython-39.pyc",
    "lib/python3.9/site-packages/urllib3/__pycache__/request.cpython-39.pyc",
    "lib/python3.9/site-packages/urllib3/__pycache__/response.cpython-39.pyc",
    "lib/python3.9/site-packages/urllib3/util/__pycache__/__init__.cpython-39.pyc",
    "lib/python3.9/site-packages/urllib3/util/__pycache__/connection.cpython-39.pyc",
    "lib/python3.9/site-packages/urllib3/util/__pycache__/proxy.cpython-39.pyc",
    "lib/python3.9/site-packages/urllib3/util/__pycache__/queue.cpython-39.pyc",
    "lib/python3.9/site-packages/urllib3/util/__pycache__/request.cpython-39.pyc",
    "lib/python3.9/site-packages/urllib3/util/__pycache__/response.cpython-39.pyc",
    "lib/python3.9/site-packages/urllib3/util/__pycache__/retry.cpython-39.pyc",
    "lib/python3.9/site-packages/urllib3/util/__pycache__/ssl_.cpython-39.pyc",
    "lib/python3.9/site-packages/urllib3/util/__pycache__/ssltransport.cpython-39.pyc",
    "lib/python3.9/site-packages/urllib3/util/__pycache__/timeout.cpython-39.pyc",
    "lib/python3.9/site-packages/urllib3/util/__pycache__/url.cpython-39.pyc",
    "lib/python3.9/site-packages/urllib3/util/__pycache__/wait.cpython-39.pyc"
  ],
  "fn": "urllib3-1.26.4-pyhd3eb1b0_0.conda",
  "legacy_bz2_md5": "4e2d86579fa1ca0e5df42b92ce194868",
  "license": "MIT",
  "license_family": "MIT",
  "link": {
    "source": "/root/venv3.9/pkgs/urllib3-1.26.4-pyhd3eb1b0_0",
    "type": 1
  },
  "md5": "606aeafb141c40a22dc119f0efc952df",
  "name": "urllib3",
  "noarch": "python",
  "package_tarball_full_path": "/root/venv3.9/pkgs/urllib3-1.26.4-pyhd3eb1b0_0.conda",
  "package_type": "noarch_python",
  "paths_data": {
    "paths": [
      {
        "_path": "site-packages/urllib3-1.26.4.dist-info/INSTALLER",
        "path_type": "hardlink",
        "sha256": "d0edee15f91b406f3f99726e44eb990be6e34fd0345b52b910c568e0eef6a2a8",
        "sha256_in_prefix": "d0edee15f91b406f3f99726e44eb990be6e34fd0345b52b910c568e0eef6a2a8",
        "size_in_bytes": 5
      },
      {
        "_path": "site-packages/urllib3-1.26.4.dist-info/LICENSE.txt",
        "path_type": "hardlink",
        "sha256": "c37bf186e27cf9dbe9619e55edfe3cea7b30091ceb3da63c7dacbe0e6d77907b",
        "sha256_in_prefix": "c37bf186e27cf9dbe9619e55edfe3cea7b30091ceb3da63c7dacbe0e6d77907b",
        "size_in_bytes": 1115
      },
      {
        "_path": "site-packages/urllib3-1.26.4.dist-info/METADATA",
        "path_type": "hardlink",
        "sha256": "a4f44f6129feb9a96e30304c122458a2fbcb93c91eb04916c03959ea0f9546a2",
        "sha256_in_prefix": "a4f44f6129feb9a96e30304c122458a2fbcb93c91eb04916c03959ea0f9546a2",
        "size_in_bytes": 43440
      },
      {
        "_path": "site-packages/urllib3-1.26.4.dist-info/RECORD",
        "path_type": "hardlink",
        "sha256": "514878d62ed2df88c1dce157db6501ccf1872c787850f8a179104df5e47305c5",
        "sha256_in_prefix": "514878d62ed2df88c1dce157db6501ccf1872c787850f8a179104df5e47305c5",
        "size_in_bytes": 6147
      },
      {
        "_path": "site-packages/urllib3-1.26.4.dist-info/REQUESTED",
        "path_type": "hardlink",
        "sha256": "e3b0c44298fc1c149afbf4c8996fb92427ae41e4649b934ca495991b7852b855",
        "sha256_in_prefix": "e3b0c44298fc1c149afbf4c8996fb92427ae41e4649b934ca495991b7852b855",
        "size_in_bytes": 0
      },
      {
        "_path": "site-packages/urllib3-1.26.4.dist-info/WHEEL",
        "path_type": "hardlink",
        "sha256": "67e9f2629c2b712ab17ddbb1e4c6e7fc3439db988fec9d831b72601af398c934",
        "sha256_in_prefix": "67e9f2629c2b712ab17ddbb1e4c6e7fc3439db988fec9d831b72601af398c934",
        "size_in_bytes": 110
      },
      {
        "_path": "site-packages/urllib3-1.26.4.dist-info/direct_url.json",
        "path_type": "hardlink",
        "sha256": "6d06516ec1dd4cf5cd8e8d995bc262ffe12f5c8bc32d1656aec3a9552dfde322",
        "sha256_in_prefix": "6d06516ec1dd4cf5cd8e8d995bc262ffe12f5c8bc32d1656aec3a9552dfde322",
        "size_in_bytes": 80
      },
      {
        "_path": "site-packages/urllib3-1.26.4.dist-info/top_level.txt",
        "path_type": "hardlink",
        "sha256": "10c8972f6b0aad3726accc481d3a9d737113e78a50236634ef62dec4511e9afa",
        "sha256_in_prefix": "10c8972f6b0aad3726accc481d3a9d737113e78a50236634ef62dec4511e9afa",
        "size_in_bytes": 8
      },
      {
        "_path": "site-packages/urllib3/__init__.py",
        "path_type": "hardlink",
        "sha256": "8f7cb31c86e65bb092f8829027df8f3d07ff60a3bc10e01ecbfacc5b4511eeeb",
        "sha256_in_prefix": "8f7cb31c86e65bb092f8829027df8f3d07ff60a3bc10e01ecbfacc5b4511eeeb",
        "size_in_bytes": 2763
      },
      {
        "_path": "site-packages/urllib3/_collections.py",
        "path_type": "hardlink",
        "sha256": "469d6657206073f52501ca7a3376add6c909057479278dcd6b0453bd6da0fd76",
        "sha256_in_prefix": "469d6657206073f52501ca7a3376add6c909057479278dcd6b0453bd6da0fd76",
        "size_in_bytes": 10811
      },
      {
        "_path": "site-packages/urllib3/_version.py",
        "path_type": "hardlink",
        "sha256": "d818e4fdc078f7ddb53d3bdeade5a9f194773612cda02300c874863fe39eb0b9",
        "sha256_in_prefix": "d818e4fdc078f7ddb53d3bdeade5a9f194773612cda02300c874863fe39eb0b9",
        "size_in_bytes": 63
      },
      {
        "_path": "site-packages/urllib3/connection.py",
        "path_type": "hardlink",
        "sha256": "abebdffd333733245b65c167dfe5422990527f4a048468efec115e666ffb930e",
        "sha256_in_prefix": "abebdffd333733245b65c167dfe5422990527f4a048468efec115e666ffb930e",
        "size_in_bytes": 18748
      },
      {
        "_path": "site-packages/urllib3/connectionpool.py",
        "path_type": "hardlink",
        "sha256": "20aa1eb89658f580189b418ae2af8c5c08725d6d0cfc59ef69b61a36c0c847e1",
        "sha256_in_prefix": "20aa1eb89658f580189b418ae2af8c5c08725d6d0cfc59ef69b61a36c0c847e1",
        "size_in_bytes": 37133
      },
      {
        "_path": "site-packages/urllib3/contrib/__init__.py",
        "path_type": "hardlink",
        "sha256": "e3b0c44298fc1c149afbf4c8996fb92427ae41e4649b934ca495991b7852b855",
        "sha256_in_prefix": "e3b0c44298fc1c149afbf4c8996fb92427ae41e4649b934ca495991b7852b855",
        "size_in_bytes": 0
      },
      {
        "_path": "site-packages/urllib3/contrib/_appengine_environ.py",
        "path_type": "hardlink",
        "sha256": "6c36f2384856d8228b25c42a00a032ac41cdf9a925b321c52aaeaf17c645b269",
        "sha256_in_prefix": "6c36f2384856d8228b25c42a00a032ac41cdf9a925b321c52aaeaf17c645b269",
        "size_in_bytes": 957
      },
      {
        "_path": "site-packages/urllib3/contrib/_securetransport/__init__.py",
        "path_type": "hardlink",
        "sha256": "e3b0c44298fc1c149afbf4c8996fb92427ae41e4649b934ca495991b7852b855",
        "sha256_in_prefix": "e3b0c44298fc1c149afbf4c8996fb92427ae41e4649b934ca495991b7852b855",
        "size_in_bytes": 0
      },
      {
        "_path": "site-packages/urllib3/contrib/_securetransport/bindings.py",
        "path_type": "hardlink",
        "sha256": "135ffb49cb2039c85fc677a8cdb02e78aef3882c05df97e76b80ee0c2609f7fa",
        "sha256_in_prefix": "135ffb49cb2039c85fc677a8cdb02e78aef3882c05df97e76b80ee0c2609f7fa",
        "size_in_bytes": 17637
      },
      {
        "_path": "site-packages/urllib3/contrib/_securetransport/low_level.py",
        "path_type": "hardlink",
        "sha256": "96021db12c9ca9f0745e6e41889cd719e20a4fbc9b0903053c902091cc0f6b5b",
        "sha256_in_prefix": "96021db12c9ca9f0745e6e41889cd719e20a4fbc9b0903053c902091cc0f6b5b",
        "size_in_bytes": 13908
      },
      {
        "_path": "site-packages/urllib3/contrib/appengine.py",
        "path_type": "hardlink",
        "sha256": "ecfc5bd2d29f0c1fcb4c63c4462b301f4aa89a10e85143a8e64c326c028b4321",
        "sha256_in_prefix": "ecfc5bd2d29f0c1fcb4c63c4462b301f4aa89a10e85143a8e64c326c028b4321",
        "size_in_bytes": 11010
      },
      {
        "_path": "site-packages/urllib3/contrib/ntlmpool.py",
        "path_type": "hardlink",
        "sha256": "e88f79875ffbd5fcf19a831236d634801f259f20a856d3ff0e9a851a3d787dd5",
        "sha256_in_prefix": "e88f79875ffbd5fcf19a831236d634801f259f20a856d3ff0e9a851a3d787dd5",
        "size_in_bytes": 4160
      },
      {
        "_path": "site-packages/urllib3/contrib/pyopenssl.py",
        "path_type": "hardlink",
        "sha256": "be087a8f9db0f71830abedd1da47c1e4cd896e54004c97ca00ade52007359128",
        "sha256_in_prefix": "be087a8f9db0f71830abedd1da47c1e4cd896e54004c97ca00ade52007359128",
        "size_in_bytes": 16778
      },
      {
        "_path": "site-packages/urllib3/contrib/securetransport.py",
        "path_type": "hardlink",
        "sha256": "2b118f664f1de187a95a6ed173e481b755ebcc87e72ca73c26451557be57ce01",
        "sha256_in_prefix": "2b118f664f1de187a95a6ed173e481b755ebcc87e72ca73c26451557be57ce01",
        "size_in_bytes": 34286
      },
      {
        "_path": "site-packages/urllib3/contrib/socks.py",
        "path_type": "hardlink",
        "sha256": "0dc463336974ad0308ca162b37aafeb6756463a6530f11c994cf3fbac0241820",
        "sha256_in_prefix": "0dc463336974ad0308ca162b37aafeb6756463a6530f11c994cf3fbac0241820",
        "size_in_bytes": 7097
      },
      {
        "_path": "site-packages/urllib3/exceptions.py",
        "path_type": "hardlink",
        "sha256": "d0c9e7a372874cd7d745f63beb7f0db9f38f9146fa9973a6f8baa3fb8c76c3c0",
        "sha256_in_prefix": "d0c9e7a372874cd7d745f63beb7f0db9f38f9146fa9973a6f8baa3fb8c76c3c0",
        "size_in_bytes": 8217
      },
      {
        "_path": "site-packages/urllib3/fields.py",
        "path_type": "hardlink",
        "sha256": "92f2c30a0fc9987d652e3514118fc52d2f14858ee106f0cfb951136d8f2676b3",
        "sha256_in_prefix": "92f2c30a0fc9987d652e3514118fc52d2f14858ee106f0cfb951136d8f2676b3",
        "size_in_bytes": 8579
      },
      {
        "_path": "site-packages/urllib3/filepost.py",
        "path_type": "hardlink",
        "sha256": "e5bfeaaa04475652fbb8bb5d018073061f861e653901f255b7fd8dd174b73de6",
        "sha256_in_prefix": "e5bfeaaa04475652fbb8bb5d018073061f861e653901f255b7fd8dd174b73de6",
        "size_in_bytes": 2440
      },
      {
        "_path": "site-packages/urllib3/packages/__init__.py",
        "path_type": "hardlink",
        "sha256": "87804b843e2d2da071d5a75a0ed2977eea6c82a634c162d76ff7f5ff256557a0",
        "sha256_in_prefix": "87804b843e2d2da071d5a75a0ed2977eea6c82a634c162d76ff7f5ff256557a0",
        "size_in_bytes": 108
      },
      {
        "_path": "site-packages/urllib3/packages/backports/__init__.py",
        "path_type": "hardlink",
        "sha256": "e3b0c44298fc1c149afbf4c8996fb92427ae41e4649b934ca495991b7852b855",
        "sha256_in_prefix": "e3b0c44298fc1c149afbf4c8996fb92427ae41e4649b934ca495991b7852b855",
        "size_in_bytes": 0
      },
      {
        "_path": "site-packages/urllib3/packages/backports/makefile.py",
        "path_type": "hardlink",
        "sha256": "9dbcedde2d1a80f54fd3b8eaaa08e16988cc9ae022fd6e44d04cb0662bd53bc1",
        "sha256_in_prefix": "9dbcedde2d1a80f54fd3b8eaaa08e16988cc9ae022fd6e44d04cb0662bd53bc1",
        "size_in_bytes": 1417
      },
      {
        "_path": "site-packages/urllib3/packages/six.py",
        "path_type": "hardlink",
        "sha256": "69dc78cfe78cfc3d15beed0822a573140090feec7d97ae32ec391211f6f1083b",
        "sha256_in_prefix": "69dc78cfe78cfc3d15beed0822a573140090feec7d97ae32ec391211f6f1083b",
        "size_in_bytes": 32536
      },
      {
        "_path": "site-packages/urllib3/packages/ssl_match_hostname/__init__.py",
        "path_type": "hardlink",
        "sha256": "ce9a5ecdd1107691ac61eac8ea657a31f518cb8f79255e2670e582fc681b9635",
        "sha256_in_prefix": "ce9a5ecdd1107691ac61eac8ea657a31f518cb8f79255e2670e582fc681b9635",
        "size_in_bytes": 757
      },
      {
        "_path": "site-packages/urllib3/packages/ssl_match_hostname/_implementation.py",
        "path_type": "hardlink",
        "sha256": "e9d67eab4ef883b5e1b09dbb3050a091cb7c895359077b0c66f2a17fe294572d",
        "sha256_in_prefix": "e9d67eab4ef883b5e1b09dbb3050a091cb7c895359077b0c66f2a17fe294572d",
        "size_in_bytes": 5679
      },
      {
        "_path": "site-packages/urllib3/poolmanager.py",
        "path_type": "hardlink",
        "sha256": "c21ce55fa51312038330e0b2d190cc50e351042cf9c3220cf19f68a57018f8b9",
        "sha256_in_prefix": "c21ce55fa51312038330e0b2d190cc50e351042cf9c3220cf19f68a57018f8b9",
        "size_in_bytes": 19763
      },
      {
        "_path": "site-packages/urllib3/request.py",
        "path_type": "hardlink",
        "sha256": "645488a97d02e968b38b179c0a1677fe8932bbb044bf4959bb5553d2cea1e123",
        "sha256_in_prefix": "645488a97d02e968b38b179c0a1677fe8932bbb044bf4959bb5553d2cea1e123",
        "size_in_bytes": 5985
      },
      {
        "_path": "site-packages/urllib3/response.py",
        "path_type": "hardlink",
        "sha256": "846846061ed3904921fc8420e42d56ff1b8f36b8082afe415173f213eab42ee1",
        "sha256_in_prefix": "846846061ed3904921fc8420e42d56ff1b8f36b8082afe415173f213eab42ee1",
        "size_in_bytes": 28203
      },
      {
        "_path": "site-packages/urllib3/util/__init__.py",
        "path_type": "hardlink",
        "sha256": "2449929a6aaa2f26b0f0fe75814226661f06c20f62d7349ef83a2a022b67da77",
        "sha256_in_prefix": "2449929a6aaa2f26b0f0fe75814226661f06c20f62d7349ef83a2a022b67da77",
        "size_in_bytes": 1155
      },
      {
        "_path": "site-packages/urllib3/util/connection.py",
        "path_type": "hardlink",
        "sha256": "db507e2d7d1cf1f9313c3b2cc8709a2b4a429e6aca9a196d839128a2e1e200f5",
        "sha256_in_prefix": "db507e2d7d1cf1f9313c3b2cc8709a2b4a429e6aca9a196d839128a2e1e200f5",
        "size_in_bytes": 4910
      },
      {
        "_path": "site-packages/urllib3/util/proxy.py",
        "path_type": "hardlink",
        "sha256": "1468a90049ef66d7b295d5cd8dc7b80c407b633c14f9ae657a9f32e52d2a1d08",
        "sha256_in_prefix": "1468a90049ef66d7b295d5cd8dc7b80c407b633c14f9ae657a9f32e52d2a1d08",
        "size_in_bytes": 1604
      },
      {
        "_path": "site-packages/urllib3/util/queue.py",
        "path_type": "hardlink",
        "sha256": "9d1817f3f797fbf564bf1a17d3de905a8cfc3ecd101d4004c482c263fecf9dc3",
        "sha256_in_prefix": "9d1817f3f797fbf564bf1a17d3de905a8cfc3ecd101d4004c482c263fecf9dc3",
        "size_in_bytes": 498
      },
      {
        "_path": "site-packages/urllib3/util/request.py",
        "path_type": "hardlink",
        "sha256": "367cda10a4353dabb0e4c14c57a1e68043072137f402e6bd7d0bb38b6b99cc67",
        "sha256_in_prefix": "367cda10a4353dabb0e4c14c57a1e68043072137f402e6bd7d0bb38b6b99cc67",
        "size_in_bytes": 4123
      },
      {
        "_path": "site-packages/urllib3/util/response.py",
        "path_type": "hardlink",
        "sha256": "189a60dc4822f6a6895d1c01879c2ff8c36e4566a7e4122ee34a117a8c563f6f",
        "sha256_in_prefix": "189a60dc4822f6a6895d1c01879c2ff8c36e4566a7e4122ee34a117a8c563f6f",
        "size_in_bytes": 3510
      },
      {
        "_path": "site-packages/urllib3/util/retry.py",
        "path_type": "hardlink",
        "sha256": "b3764d2973bafeddb7650320f3396edb43cc4aaada4f8f79f92fe6118ff5f5a9",
        "sha256_in_prefix": "b3764d2973bafeddb7650320f3396edb43cc4aaada4f8f79f92fe6118ff5f5a9",
        "size_in_bytes": 21396
      },
      {
        "_path": "site-packages/urllib3/util/ssl_.py",
        "path_type": "hardlink",
        "sha256": "7d1ab3466a0b7e20efe7fb45ce016d1b394ebae1e82d7d2eb3b5947fbb580c0a",
        "sha256_in_prefix": "7d1ab3466a0b7e20efe7fb45ce016d1b394ebae1e82d7d2eb3b5947fbb580c0a",
        "size_in_bytes": 16269
      },
      {
        "_path": "site-packages/urllib3/util/ssltransport.py",
        "path_type": "hardlink",
        "sha256": "22f190becf585a47f88f37ea5634eefd45a3c005203e7e4072d6a35bc54bcfa0",
        "sha256_in_prefix": "22f190becf585a47f88f37ea5634eefd45a3c005203e7e4072d6a35bc54bcfa0",
        "size_in_bytes": 6908
      },
      {
        "_path": "site-packages/urllib3/util/timeout.py",
        "path_type": "hardlink",
        "sha256": "4126c150d381f7287a0270e7eb54ab2d0d21839a33d08f7eb97106f75009b888",
        "sha256_in_prefix": "4126c150d381f7287a0270e7eb54ab2d0d21839a33d08f7eb97106f75009b888",
        "size_in_bytes": 10003
      },
      {
        "_path": "site-packages/urllib3/util/url.py",
        "path_type": "hardlink",
        "sha256": "2d67cb4a523897616650c29f0a412509a5b5d3ed0dfac2434fd6f1683649923b",
        "sha256_in_prefix": "2d67cb4a523897616650c29f0a412509a5b5d3ed0dfac2434fd6f1683649923b",
        "size_in_bytes": 13964
      },
      {
        "_path": "site-packages/urllib3/util/wait.py",
        "path_type": "hardlink",
        "sha256": "dcc50a452014243076b60728eea454b245b4cd7180598bd1444e10d7feb194bb",
        "sha256_in_prefix": "dcc50a452014243076b60728eea454b245b4cd7180598bd1444e10d7feb194bb",
        "size_in_bytes": 5404
      },
      {
        "_path": "lib/python3.9/site-packages/urllib3/__pycache__/__init__.cpython-39.pyc",
        "path_type": "pyc_file"
      },
      {
        "_path": "lib/python3.9/site-packages/urllib3/__pycache__/_collections.cpython-39.pyc",
        "path_type": "pyc_file"
      },
      {
        "_path": "lib/python3.9/site-packages/urllib3/__pycache__/_version.cpython-39.pyc",
        "path_type": "pyc_file"
      },
      {
        "_path": "lib/python3.9/site-packages/urllib3/__pycache__/connection.cpython-39.pyc",
        "path_type": "pyc_file"
      },
      {
        "_path": "lib/python3.9/site-packages/urllib3/__pycache__/connectionpool.cpython-39.pyc",
        "path_type": "pyc_file"
      },
      {
        "_path": "lib/python3.9/site-packages/urllib3/contrib/__pycache__/__init__.cpython-39.pyc",
        "path_type": "pyc_file"
      },
      {
        "_path": "lib/python3.9/site-packages/urllib3/contrib/__pycache__/_appengine_environ.cpython-39.pyc",
        "path_type": "pyc_file"
      },
      {
        "_path": "lib/python3.9/site-packages/urllib3/contrib/_securetransport/__pycache__/__init__.cpython-39.pyc",
        "path_type": "pyc_file"
      },
      {
        "_path": "lib/python3.9/site-packages/urllib3/contrib/_securetransport/__pycache__/bindings.cpython-39.pyc",
        "path_type": "pyc_file"
      },
      {
        "_path": "lib/python3.9/site-packages/urllib3/contrib/_securetransport/__pycache__/low_level.cpython-39.pyc",
        "path_type": "pyc_file"
      },
      {
        "_path": "lib/python3.9/site-packages/urllib3/contrib/__pycache__/appengine.cpython-39.pyc",
        "path_type": "pyc_file"
      },
      {
        "_path": "lib/python3.9/site-packages/urllib3/contrib/__pycache__/ntlmpool.cpython-39.pyc",
        "path_type": "pyc_file"
      },
      {
        "_path": "lib/python3.9/site-packages/urllib3/contrib/__pycache__/pyopenssl.cpython-39.pyc",
        "path_type": "pyc_file"
      },
      {
        "_path": "lib/python3.9/site-packages/urllib3/contrib/__pycache__/securetransport.cpython-39.pyc",
        "path_type": "pyc_file"
      },
      {
        "_path": "lib/python3.9/site-packages/urllib3/contrib/__pycache__/socks.cpython-39.pyc",
        "path_type": "pyc_file"
      },
      {
        "_path": "lib/python3.9/site-packages/urllib3/__pycache__/exceptions.cpython-39.pyc",
        "path_type": "pyc_file"
      },
      {
        "_path": "lib/python3.9/site-packages/urllib3/__pycache__/fields.cpython-39.pyc",
        "path_type": "pyc_file"
      },
      {
        "_path": "lib/python3.9/site-packages/urllib3/__pycache__/filepost.cpython-39.pyc",
        "path_type": "pyc_file"
      },
      {
        "_path": "lib/python3.9/site-packages/urllib3/packages/__pycache__/__init__.cpython-39.pyc",
        "path_type": "pyc_file"
      },
      {
        "_path": "lib/python3.9/site-packages/urllib3/packages/backports/__pycache__/__init__.cpython-39.pyc",
        "path_type": "pyc_file"
      },
      {
        "_path": "lib/python3.9/site-packages/urllib3/packages/backports/__pycache__/makefile.cpython-39.pyc",
        "path_type": "pyc_file"
      },
      {
        "_path": "lib/python3.9/site-packages/urllib3/packages/__pycache__/six.cpython-39.pyc",
        "path_type": "pyc_file"
      },
      {
        "_path": "lib/python3.9/site-packages/urllib3/packages/ssl_match_hostname/__pycache__/__init__.cpython-39.pyc",
        "path_type": "pyc_file"
      },
      {
        "_path": "lib/python3.9/site-packages/urllib3/packages/ssl_match_hostname/__pycache__/_implementation.cpython-39.pyc",
        "path_type": "pyc_file"
      },
      {
        "_path": "lib/python3.9/site-packages/urllib3/__pycache__/poolmanager.cpython-39.pyc",
        "path_type": "pyc_file"
      },
      {
        "_path": "lib/python3.9/site-packages/urllib3/__pycache__/request.cpython-39.pyc",
        "path_type": "pyc_file"
      },
      {
        "_path": "lib/python3.9/site-packages/urllib3/__pycache__/response.cpython-39.pyc",
        "path_type": "pyc_file"
      },
      {
        "_path": "lib/python3.9/site-packages/urllib3/util/__pycache__/__init__.cpython-39.pyc",
        "path_type": "pyc_file"
      },
      {
        "_path": "lib/python3.9/site-packages/urllib3/util/__pycache__/connection.cpython-39.pyc",
        "path_type": "pyc_file"
      },
      {
        "_path": "lib/python3.9/site-packages/urllib3/util/__pycache__/proxy.cpython-39.pyc",
        "path_type": "pyc_file"
      },
      {
        "_path": "lib/python3.9/site-packages/urllib3/util/__pycache__/queue.cpython-39.pyc",
        "path_type": "pyc_file"
      },
      {
        "_path": "lib/python3.9/site-packages/urllib3/util/__pycache__/request.cpython-39.pyc",
        "path_type": "pyc_file"
      },
      {
        "_path": "lib/python3.9/site-packages/urllib3/util/__pycache__/response.cpython-39.pyc",
        "path_type": "pyc_file"
      },
      {
        "_path": "lib/python3.9/site-packages/urllib3/util/__pycache__/retry.cpython-39.pyc",
        "path_type": "pyc_file"
      },
      {
        "_path": "lib/python3.9/site-packages/urllib3/util/__pycache__/ssl_.cpython-39.pyc",
        "path_type": "pyc_file"
      },
      {
        "_path": "lib/python3.9/site-packages/urllib3/util/__pycache__/ssltransport.cpython-39.pyc",
        "path_type": "pyc_file"
      },
      {
        "_path": "lib/python3.9/site-packages/urllib3/util/__pycache__/timeout.cpython-39.pyc",
        "path_type": "pyc_file"
      },
      {
        "_path": "lib/python3.9/site-packages/urllib3/util/__pycache__/url.cpython-39.pyc",
        "path_type": "pyc_file"
      },
      {
        "_path": "lib/python3.9/site-packages/urllib3/util/__pycache__/wait.cpython-39.pyc",
        "path_type": "pyc_file"
      }
    ],
    "paths_version": 1
  },
  "requested_spec": "None",
  "sha256": "e8046bf5a9a78684651bf97593df2308dad31bc29d24bcedd552d2af0007cb0c",
  "size": 107706,
  "subdir": "noarch",
  "timestamp": 1615837198167,
  "track_features": "",
  "url": "https://repo.anaconda.com/pkgs/main/noarch/urllib3-1.26.4-pyhd3eb1b0_0.conda",
  "version": "1.26.4"
}