{
  "build": "h7b6447c_3",
  "build_number": 3,
  "channel": "https://repo.anaconda.com/pkgs/main/linux-64",
  "constrains": [],
  "depends": [
    "libgcc-ng >=7.3.0"
  ],
  "extracted_package_dir": "/root/venv3.9/pkgs/zlib-1.2.11-h7b6447c_3",
  "features": "",
  "files": [
    "include/zconf.h",
    "include/zlib.h",
    "lib/libz.a",
    "lib/libz.so",
    "lib/libz.so.1",
    "lib/libz.so.1.2.11",
    "lib/pkgconfig/zlib.pc"
  ],
  "fn": "zlib-1.2.11-h7b6447c_3.conda",
  "legacy_bz2_md5": "e76217678961a4836e1067a2d11603e2",
  "legacy_bz2_size": 122469,
  "license": "zlib",
  "license_family": "Other",
  "link": {
    "source": "/root/venv3.9/pkgs/zlib-1.2.11-h7b6447c_3",
    "type": 1
  },
  "md5": "50aa4407424985d56ec8ae2f94626aa9",
  "name": "zlib",
  "package_tarball_full_path": "/root/venv3.9/pkgs/zlib-1.2.11-h7b6447c_3.conda",
  "paths_data": {
    "paths": [
      {
        "_path": "lib/pkgconfig/zlib.pc",
        "file_mode": "text",
        "path_type": "hardlink",
        "prefix_placeholder": "/opt/anaconda1anaconda2anaconda3",
        "sha256": "5613df6f1a56c1c3e0c2aa3da9284b51de9682882a6a9ba7af68a07745cb3aac",
        "sha256_in_prefix": "4aa69e9c9404fe8a7625258e32d49d09e7b729acdeeafeb20c5f4c3d260d4c15",
        "size_in_bytes": 281
      }
    ],
    "paths_version": 1
  },
  "requested_spec": "zlib==1.2.11=h7b6447c_3",
  "sha256": "5c5346ca7da14d7e11e15a8cc5e695d805ecb79c0e59d7043bea5843ffc493e5",
  "size": 104994,
  "subdir": "linux-64",
  "timestamp": 1542814864621,
  "track_features": "",
  "url": "https://repo.anaconda.com/pkgs/main/linux-64/zlib-1.2.11-h7b6447c_3.conda",
  "version": "1.2.11"
}